53544	Cubical.Categories.Instances.Presented
25892	Cubical.Categories.Displayed.Presheaf.Uncurried.UniversalProperties
24501	Cubical.Categories.Displayed.Instances.Reindex.UniversalQuantifier
21226	Cubical.Categories.Displayed.CBPV.Unary.Instances.StateAlg.Vertical
20236	Cubical.Categories.LocallySmall.Displayed.NaturalTransformation.IntoFiberCategory.Base
18880	Cubical.Categories.Displayed.FixedPoint
15865	Cubical.Categories.Displayed.Presheaf.Uncurried.Constructions.ExponentialV->D
13422	Cubical.Categories.LocallySmall.Displayed.NaturalTransformation.IntoFiberCategory.Eq
12861	Cubical.Categories.LocallySmall.Displayed.Presheaf.GloballySmall.IntoFiberCategory.Properties
11452	Cubical.Categories.LocallySmall.Displayed.Presheaf.GloballySmall.IntoFiberCategory.Base
11020	Cubical.Categories.Displayed.CBPV.Unary.Instances.Free.BoolState.Additive
10884	Cubical.Categories.LocallySmall.Displayed.Instances.Sets.Base
10818	Cubical.Categories.Displayed.Presheaf.Uncurried.Constructions
9513	Cubical.Categories.Displayed.CBPV.Unary.Instances.Free.Pure.Additive
8490	Cubical.Categories.Displayed.Instances.Family.EqProperties
8278	Cubical.Categories.Displayed.Instances.Reindex.CartesianClosed
7545	Cubical.Categories.Displayed.Instances.Presheaf.Eq.CartesianClosed
7090	Cubical.Categories.Displayed.Instances.PropertyOver.Cartesian
6847	Cubical.Categories.Limits.Pullback.Alt
6813	Cubical.Categories.Displayed.Instances.Presheaf.Eq.Base
6804	Cubical.Categories.Displayed.Instances.Arrow.Limits
6440	Cubical.Categories.Displayed.Presheaf.Constructions.BinProduct.LocalRepresentability.Properties
6394	Cubical.Categories.Displayed.Presheaf.Morphism
6309	Miscellaneous
5771	Cubical.Categories.Displayed.Presheaf.Constructions.Reindex.Properties
5526	Cubical.Categories.Displayed.Presheaf.Representable
4869	Cubical.Categories.Displayed.CBPV.Unary.Instances.StateAlg.Additive
4606	Cubical.Categories.Displayed.Instances.Reindex.Cartesian
4541	Cubical.Categories.Displayed.Presheaf.Constructions.Quantifiers.Base
4420	Cubical.Categories.DistributiveLaw.ComonadOverMonad.BiKleisli.Morphism
4269	Cubical.Categories.Displayed.Presheaf.Uncurried.Eq.Conversion.CartesianClosedV
4165	Cubical.Categories.Displayed.Presheaf.Uncurried.Base
3893	Cubical.Categories.Displayed.Instances.Reindex.Monoidal
3640	Cubical.Categories.Instances.Free.CartesianClosedCategory.Forded
3612	Cubical.Categories.LocallySmall.Displayed.Bifunctor.Base
3167	Cubical.Categories.Displayed.Instances.Presheaf.General
3115	Cubical.Categories.Displayed.Instances.TotalCategory.Monoidal
3028	Cubical.Categories.Displayed.NaturalTransformation.More
2974	Cubical.Categories.LocallySmall.Displayed.Instances.BinProduct.Base
2960	Cubical.Categories.Instances.Free.CartesianCategory.Forded
2790	Cubical.Categories.Displayed.Instances.Functor.Base
2734	Cubical.Categories.Instances.Functors.More
2689	Cubical.Categories.Displayed.CBPV.Unary.Instances.Free.BoolState.Multiplicative
2678	Cubical.Categories.Displayed.Instances.Reindex.Exponential
2622	Cubical.Categories.Displayed.Presheaf.Uncurried.Eq.Base
2557	Gluing.BiCartesianClosedCategory.BoolNatCanonicity.Forded
2548	Cubical.Categories.LocallySmall.Displayed.Category.SmallDisplayedFibers
2517	Cubical.Categories.Instances.Hyperdoctrine.Unary
2472	Cubical.Categories.LocallySmall.Displayed.Instances.Reindex.Base
2465	Cubical.Categories.Displayed.Presheaf.Uncurried.Constructions.ExponentialD
2455	Cubical.Categories.Displayed.Bifunctor
2351	Cubical.Categories.Monad.Kleisli
2306	Cubical.Categories.Instances.BinProduct.Monoidal
2299	Cubical.Categories.Displayed.Profunctor
2268	Cubical.Categories.Displayed.Presheaf.Uncurried.Representable
2186	Cubical.Categories.Displayed.Presheaf.Constructions.Exponential.Base
2146	Cubical.Categories.Displayed.Instances.Reindex.Fibration
2101	Cubical.Categories.Displayed.Presheaf.Constructions.Exponential.Properties
2099	Cubical.Categories.Presheaf.Family.Base
2070	Cubical.Categories.WithFamilies.Simple.Instances.Free.Base
2025	Cubical.Categories.Displayed.Limits.CartesianClosedV
1998	Cubical.Categories.Displayed.Presheaf.Constructions.Exponential.UniversalProperty
1967	Cubical.Categories.DistributiveLaw.ComonadOverMonad.BiKleisli.Base
1944	Cubical.Categories.Instances.Free.BiCartesianClosedCategory.Forded
1923	Cubical.Categories.Monoidal.Properties
1851	Cubical.Categories.Monad.ExtensionSystem
1848	Cubical.Categories.Displayed.Presheaf.Constructions.Curry
1738	Cubical.Categories.Displayed.Instances.Reindex.Limits
1730	Cubical.Categories.Displayed.Instances.BinProduct.More
1712	Cubical.Categories.Instances.Free.Monoidal.List
1711	Cubical.Categories.Displayed.CBPV.Unary.Base
1668	Cubical.Categories.Displayed.CBPV.Unary.Instances.Free.Pure.Multiplicative
1650	Cubical.Categories.Displayed.Instances.Reindex.Eq.Properties
1615	Cubical.Categories.Displayed.CBPV.Unary.Additive
1612	Cubical.Categories.Instances.Free.Lambda.Negative
1544	Cubical.Categories.Displayed.Presheaf.Constructions.BinProduct.Properties
1486	Cubical.Categories.Profunctor.StrictHom.Constructions.Extension
1475	Cubical.Categories.Instances.Free.Lambda.ArrowOnly
1435	Cubical.Categories.Displayed.Presheaf.Uncurried.Fibration
1415	Gluing.BiCartesianClosedCategory.IdentityExtension
1396	Cubical.Categories.Displayed.CBPV.Unary.Instances.StateAlg.Base
1347	Cubical.Categories.Displayed.Functor.More
1294	Cubical.Categories.LocallySmall.Displayed.Functor.Properties
1286	Cubical.Categories.LocallySmall.Displayed.Instances.Functor.IntoFiberCategory
1250	Cubical.Categories.Instances.Fiber
1220	Cubical.Categories.Presheaf.Morphism.Alt
1211	Cubical.Categories.Instances.Free.Monoidal.Base
1203	Cubical.Categories.Displayed.CBPV.Unary.StateAlgEnrichment
1203	Cubical.Categories.Displayed.Alt.Fibrous
1189	Gluing.Lambda.BoolNatCanonicity.Negative
1173	Gluing.Lambda.BoolNatCanonicity.ArrowOnly
1165	Cubical.Categories.LocallySmall.Displayed.Functor.Base
1124	Cubical.Categories.Bifunctor
1116	Cubical.Categories.Displayed.Limits.BiCartesianClosedV
1062	Cubical.Categories.Displayed.Monoidal.Base
1043	Cubical.Categories.Displayed.Fibration.Base
1031	Cubical.Categories.LocallySmall.Presheaf.GloballySmall.IntoFiberCategory.Base
1029	Cubical.Algebra.State
1015	Cubical.Categories.Displayed.Presheaf.Uncurried.Constructions.UniversalQuantifier
1011	Cubical.Categories.LocallySmall.Displayed.Category.Base
984	Cubical.Categories.Displayed.Limits.BinProduct.Base
982	Cubical.Categories.Exponentials.Small
971	Cubical.Categories.Displayed.CBPV.Unary.Instances.Displayed.FromProf
955	Cubical.Categories.Exponentials.RightAdjoint
926	Cubical.Categories.Displayed.Instances.Comma
922	Cubical.Categories.Displayed.Instances.Presheaf.Limits
917	Cubical.Categories.Displayed.Presheaf.Uncurried.Constructions.Exponential
884	Cubical.Categories.LocallySmall.Displayed.Presheaf.GloballySmall.Uncurried.Base
865	Cubical.Categories.Displayed.Instances.Weaken.UncurriedProperties
843	Cubical.Categories.Displayed.Presheaf.Base
751	Cubical.Categories.LocallySmall.Displayed.Instances.Total
747	Cubical.Categories.Displayed.Presheaf.CartesianLift.Properties
740	Cubical.Categories.Displayed.Quantifiers.Base
696	Cubical.Categories.Displayed.CBPV.Unary.Instances.Sets
678	Cubical.Categories.Instances.Free.CartesianClosedCategory.UncurriedElim
673	Cubical.Categories.Displayed.Presheaf.CartesianLift.Manual
669	Cubical.Categories.Instances.BinProduct.Redundant.Assoc.ToRight
664	Cubical.Categories.Comonad.Base
646	Cubical.Categories.Instances.BinProduct.Redundant.Assoc.ToLeft
644	Cubical.Categories.Displayed.Presheaf.Constructions.Reindex.Base
627	Cubical.Categories.Monoidal.Functor
603	Cubical.Categories.Presheaf.Constructions.Comprehension
602	Cubical.Categories.Displayed.Instances.Arrow.Monoidal
587	Gluing.Category.GuardedFixedPoint
587	Cubical.Categories.LocallySmall.Presheaf.GloballySmall.IntoFiberCategory.Constructions.BinProduct.Base
576	Cubical.Categories.Presheaf.Constructions.Reindex
573	Cubical.Categories.LocallySmall.Displayed.Instances.Graph.Presheaf.GloballySmall.Base
571	Cubical.Categories.Displayed.Instances.Reindex.UniversalProperties
568	Cubical.Categories.Limits.BinProduct.More
561	Cubical.Categories.Presheaf.Constructions.BinProduct.Base
560	Cubical.Categories.Displayed.Presheaf.Uncurried.Eq.Conversion.Base
558	Cubical.Categories.Displayed.Exponentials.RightAdjoint
556	Cubical.Categories.Displayed.Limits.BinProduct.Fiberwise
554	Cubical.Categories.Instances.BinProduct.Cartesian
552	Gluing.CartesianClosedCategory.Conservativity.OverCartesianCategories.Forded
551	Cubical.Categories.Displayed.Instances.Presheaf.Eq.Cartesian
550	Cubical.Categories.Instances.Sets.Properties
546	Cubical.Categories.Direct.StrictDownset
539	Cubical.Tactics.AltFunctorSolver.Solver
536	Cubical.Categories.Displayed.Presheaf.Uncurried.Eq.Sets
534	Cubical.Categories.Displayed.Limits.CartesianV'
529	Cubical.Categories.Presheaf.StrictHom.CartesianClosed
524	Cubical.Categories.Profunctor.Relator
523	Cubical.Categories.Displayed.Instances.EilenbergMoore.Comparison
521	Cubical.Categories.Presheaf.StrictHom.Base
510	Cubical.Categories.Displayed.Instances.Presheaf.Uncurried.Base
501	Gluing.CBPV.StateAlg.Multiplicative
500	Cubical.Categories.NaturalTransformation.More
499	Cubical.Categories.Instances.Free.CartesianCategory.CurriedElim
497	Cubical.Categories.FunctorComprehension.Base
496	Cubical.Foundations.More
484	Cubical.Categories.Presheaf.Representable.More
483	Gluing.CBPV.Pure.Additive
481	Cubical.Categories.LocallySmall.NaturalTransformation.IntoFiberCategory
465	Cubical.Categories.Displayed.Instances.CoEilenbergMoore.Comparison
462	Cubical.Categories.Monoidal.Instances.Presheaf
454	Cubical.Categories.Displayed.Instances.Presheaf.Base
452	Gluing.CBPV.StateAlg.Additive
449	Cubical.Categories.LocallySmall.Displayed.Presheaf.GloballySmall.Uncurried.Representable
448	Cubical.Categories.Displayed.Limits.BinProduct.Properties
443	Cubical.Categories.Enriched.Instances.Presheaf.ChangeBase
441	Gluing.BiCartesianClosedCategory.StackParametricity
438	Cubical.Categories.Presheaf.Constructions.BinProduct.LocalRepresentability
433	Cubical.Categories.Displayed.Instances.Presheaf.Properties
430	Gluing.CBPV.Pure.Multiplicative
419	Cubical.Categories.Presheaf.StrictHom.RightAdjoint
415	Cubical.Categories.LocallySmall.Bifunctor.Base
414	Cubical.Categories.Monoidal.Dual
411	Gluing.Category
409	Cubical.Categories.Instances.Free.CartesianCategory.UncurriedElim
400	Cubical.Categories.LocallySmall.Displayed.Category.Notation
396	Cubical.Categories.Instances.Fiber.Strict
393	Gluing.Category.Forded
393	Cubical.Categories.LocallySmall.Instances.Functor.IntoFiberCategory.Properties
393	Cubical.Categories.Displayed.Limits.Terminal
392	Cubical.Categories.LocallySmall.Displayed.Category.Properties
391	Cubical.Categories.WithFamilies.Simple.Properties
386	Cubical.Categories.Direct.LocallyContractive
384	Cubical.Categories.Instances.Free.Category.QuiverPath
382	Cubical.Categories.Displayed.Instances.Graph.Presheaf
378	Cubical.Categories.Presheaf.Nerve
372	Gluing.CartesianClosedCategory.Conservativity.OverCategories.Forded
368	Cubical.Categories.LocallySmall.Displayed.Category.Small
351	Cubical.CoData.Delay
349	Cubical.Categories.Instances.Free.CategoryWithTerminal
348	Cubical.Categories.Presheaf.CCC
347	Cubical.Categories.Displayed.Instances.FunctorAlgebras.Recursive
346	Cubical.Relation.Binary.Preorder
346	Cubical.Categories.Displayed.Exponentials.Small
338	Gluing.CartesianCategory.Conservativity.OverCategories.Forded
335	Cubical.Categories.Presheaf.Constructions.Exponential
327	Cubical.Categories.Instances.Free.Category.GuardedFixedPoint
327	Cubical.Categories.CBPV.Instances.Free
323	Cubical.Categories.Presheaf.Constructions.Tensor
319	Cubical.Categories.Displayed.Instances.Family.Properties
310	Cubical.Foundations.Equiv.Dependent.More
309	Gluing.BiCartesianClosedCategory.FlipperParametricity
307	Cubical.Categories.Monoidal.Combinators.Base
303	Cubical.Categories.Displayed.Instances.Weaken.Properties
299	Cubical.Categories.Displayed.Instances.Weaken.Monoidal
295	Cubical.Categories.Displayed.Presheaf.Uncurried.Eq.Conversion.CartesianV
294	Guarded.Gluing.Canonicity
291	Cubical.Categories.Displayed.Limits.BiCartesianClosedSection
290	Cubical.Categories.Instances.BinProduct.Redundant.Base
290	Cubical.Categories.Displayed.Instances.Reindex.Eq.Base
287	Cubical.Categories.Monoidal.Combinators.Equations
267	Cubical.Categories.Displayed.Instances.Sets.Properties
264	Cubical.Categories.LocallySmall.Displayed.Instances.Reindex.Properties
263	Cubical.Categories.Profunctor.Homomorphism.NaturalElement
258	Cubical.Categories.Presheaf.Constructions.RightAdjoint
256	Cubical.Categories.Displayed.Instances.Sets.Base
252	Cubical.Categories.Displayed.CBPV.Unary.Instances.Free.Pure.Base
245	Cubical.Categories.LocallySmall.Category.Base
243	Cubical.Categories.Displayed.Presheaf.Constructions.ReindexFunctor.Base
242	Cubical.Categories.LocallySmall.Displayed.HLevels
242	Cubical.Categories.Displayed.Presheaf.Constructions.Lift.Properties
240	Cubical.Categories.Instances.Free.Functor.AltPresented
239	Cubical.Categories.Instances.Coproduct
237	Cubical.Categories.Displayed.Magmoid
230	Cubical.Categories.Profunctor.StrictHom.Base
228	Cubical.Categories.Displayed.Instances.Path.Displayed
226	Cubical.Categories.LocallySmall.Displayed.Section.Base
219	Cubical.Categories.Enriched.Instances.Presheaf.Self
217	Cubical.Categories.Direct.Product
216	Cubical.Categories.Displayed.Limits.CartesianClosedSection
215	Cubical.Categories.Instances.Preorders.Monotone.Adjoint
214	Cubical.Categories.Instances.ωSet
212	Cubical.Categories.LocallySmall.Functor.Base
209	Cubical.Categories.Displayed.Instances.SimpleTotalCategoryR
209	Cubical.Categories.Displayed.FunctorComprehension
206	Cubical.Categories.Displayed.Presheaf.Uncurried.Fibration.Displayed
205	Cubical.Categories.Instances.TransitionSystem
203	Cubical.Categories.Direct.StrictUpset
198	Cubical.Categories.Instances.Free.Category.Forded
196	Cubical.Categories.Displayed.CBPV.Unary.Instances.FromProf
194	Cubical.Categories.Direct.Predecessor
191	Cubical.Categories.Displayed.Presheaf.Constructions.Unit.Properties
190	Cubical.Categories.LocallySmall.Instances.Functor.IntoFiberCategory.Base
189	Cubical.Categories.DistributiveLaw.ComonadOverMonad.Base
188	Cubical.Categories.Instances.Functors.Redundant
183	Cubical.Categories.LocallySmall.NaturalTransformation.Small
182	Cubical.Categories.Displayed.Limits.CartesianSection
181	Cubical.Categories.LocallySmall.Instances.Total.Properties
180	Cubical.Categories.Instances.BinProduct.More
179	Cubical.Categories.Instances.FromEnriched
168	Cubical.Categories.Adjoint.Monad
163	Cubical.Categories.Limits.Cartesian.Base
160	Gluing.CBPV.Pure.Judgmental
159	Cubical.Categories.Displayed.Presheaf.Section
157	Cubical.Categories.LocallySmall.Instances.DisplayOverTerminal.Properties
155	Cubical.Categories.Instances.Free.CartesianClosedCategory.Base
154	Cubical.Categories.WithFamilies.Simple.Displayed
154	Cubical.Categories.Monad.Algebra
153	Cubical.Categories.Enriched.Instances.FromCat
150	Cubical.Categories.Profunctor.Constructions.Extension
148	Cubical.Categories.Displayed.Presheaf.Constructions.BinProduct.Base
148	Cubical.Categories.Comonad.Instances.Environment
145	Cubical.Categories.Displayed.HLevels.PropValuedPresheaf
143	Cubical.Categories.Displayed.Presheaf.Constructions.Quantifiers.UniversalProperty.ComposeWeakening
139	Cubical.Categories.LocallySmall.Displayed.Section.Bisection
138	Cubical.Categories.Displayed.Instances.Arrow.Properties
138	Cubical.Categories.Displayed.CBPV.Unary.Instances.FromU
137	Cubical.Categories.Displayed.Presheaf.Properties
137	Cubical.Categories.Displayed.Instances.Free.CBPV.Unary.Full
135	Cubical.Categories.Displayed.Limits.CartesianV
134	Cubical.Categories.Instances.FullImage
134	Cubical.Categories.Functors.More
134	Cubical.Categories.Displayed.Instances.HomPropertyOver
133	Cubical.Categories.Limits.Coend
127	Cubical.Categories.LocallySmall.Displayed.Instances.ChangeOfObjects
124	Cubical.Categories.WithFamilies.Simple.Instances.Democratic
124	Cubical.Categories.Instances.Sets.More
124	Cubical.Categories.Displayed.More
120	Cubical.Categories.Displayed.Presheaf.Constructions.Quantifiers.UniversalProperty.Quantifiers
119	Cubical.Categories.Instances.Functors.Redundant.Bifunctor
119	Cubical.Categories.Instances.Free.CartesianCategory.Base
119	Cubical.Categories.Displayed.Instances.Arrow.Base
118	Cubical.Categories.LocallySmall.Functor.Constant
106	Gluing.CartesianClosedCategory.BoolNatCanonicity.Forded
105	Gluing.CartesianCategory
105	Cubical.Categories.Limits.Pullback.More
104	Gluing.CartesianClosedCategory.BoolNatCanonicity.UncurriedElim
103	Cubical.Categories.Displayed.Instances.Graph.Base
99	Cubical.HITs.PathEq
96	Gluing.CartesianCategory.BoolNatCanonicity.Forded
96	Cubical.Data.Sum.More
96	Cubical.Categories.Instances.Preorders.Monotone
95	Cubical.Categories.Displayed.Instances.IsoFiber.Base
94	Cubical.Categories.Direct.Base
92	Gluing.Category.BoolNatCanonicity
92	Cubical.Categories.Instances.Presheaf
91	Cubical.Categories.Enriched.Functors.Base
91	Cubical.Categories.Displayed.Presheaf.Constructions.BinProduct.LocalRepresentability.Base
90	Gluing.CartesianCategory.BoolNatCanonicity.UncurriedElim
89	Cubical.Categories.Displayed.Limits.CartesianD
88	Cubical.Categories.WithFamilies.Simple.Instances.Reindex
86	Gluing.BiCartesianClosedCategory.BinaryLogicalRelation
86	Cubical.Categories.Displayed.Adjoint.More
84	Cubical.Categories.LocallySmall.Displayed.Instances.StructureOver.Base
84	Cubical.Categories.Equivalence.More
83	Cubical.Categories.LocallySmall.Functor.IntoFiberCategory
81	Cubical.Categories.Limits.BiCartesianClosed.Base
79	Cubical.Data.Sigma.More
79	Cubical.Categories.Displayed.Instances.Functor.Properties
78	Cubical.Categories.LocallySmall.Instances.BinProduct.Base
77	Cubical.Categories.LocallySmall.NaturalTransformation.Large
77	Cubical.Categories.Displayed.Alt.LevelPoly
74	Cubical.Categories.Isomorphism.More
73	Cubical.Categories.Limits.Cartesian.More
72	Cubical.Categories.Displayed.Instances.Reindex.CurriedFibration
71	Cubical.Categories.Limits.IndexedProduct.Base
71	Cubical.Categories.Displayed.Fibration.TwoSided
69	Cubical.Data.Maybe.More
68	Cubical.Categories.Presheaf.StrictHom.Bifunctor
68	Cubical.Categories.LocallySmall.Instances.Functor.Small
68	Cubical.Categories.Instances.Bifunctors
68	Cubical.Categories.Displayed.Instances.SimpleTotalCategoryL
67	Cubical.Categories.WithFamilies.Simple.Instances.VerticalToDisplayed
67	Cubical.Categories.NaturalTransformation.Cartesian
67	Cubical.Categories.Instances.Quotient.More
67	Cubical.Categories.FixedPoint
66	Cubical.Categories.NaturalTransformation.Reind
66	Cubical.Categories.LocallySmall.Functor.Properties
66	Cubical.Categories.Displayed.Presheaf.Uncurried.Eq.Conversion.BiCartesianClosedV
65	Cubical.Data.Equality.More
65	Cubical.Categories.Profunctor.Homomorphism.Bilinear
64	Gluing.Canonicity
64	Cubical.Categories.Displayed.Instances.FunctorAlgebras
62	Cubical.Categories.Displayed.Presheaf.CartesianLift.Base
62	Cubical.Categories.Displayed.Fibration.IsoFibration
61	Cubical.Categories.Limits.Terminal.More
61	Cubical.Categories.Displayed.Instances.Reindex.Properties
59	Cubical.Categories.Profunctor.Hom
58	Gluing.Terminal
56	Guarded.Later.Base
56	Cubical.Categories.Limits.CartesianClosed.Base
56	Cubical.Categories.Instances.TotalCategory.Cartesian
56	Cubical.Categories.Displayed.Instances.Family.Base
55	Cubical.Categories.LocallySmall.Instances.BinProduct.Properties
54	Cubical.Categories.Yoneda.More
54	Cubical.Categories.LocallySmall.Category.Small
52	Cubical.Categories.Presheaf.Constructions.IndexedProduct
50	Cubical.Categories.Instances.Strictification
49	Cubical.Categories.LocallySmall.Displayed.Functor.Constant
49	Cubical.Categories.Displayed.Univalence
49	Cubical.Categories.Displayed.Limits.BinProduct.Adjoint
48	Cubical.Categories.Displayed.Presheaf.Constructions.Quantifiers.Properties
48	Cubical.Categories.Displayed.Limits.ClosedV
47	Cubical.Categories.Instances.Posets.Base
47	Cubical.Categories.Instances.Free.BiCartesianClosedCategory.Quiver
46	Syntax.ULC
46	Cubical.Categories.Displayed.Fibration.Manual
44	Cubical.Categories.LocallySmall.Presheaf.GloballySmall.IntoFiberCategory.Constructions.Unit.Base
44	Cubical.Categories.Instances.Relators
44	Cubical.Categories.Displayed.Instances.IsoFiber.Monoidal
44	Cubical.Categories.Displayed.Exponentials.CartesianClosed
43	Cubical.Categories.Comonad.ExtensionSystem
42	Cubical.Categories.Profunctor.Homomorphism.Unary
42	Cubical.Categories.Displayed.Instances.EilenbergMoore
41	Cubical.Categories.Instances.Free.Monoidal.Coherence
41	Cubical.Categories.Displayed.Presheaf.Constructions.Lift.Base
40	Cubical.Reflection.RecordEquiv.More
40	Cubical.Foundations.Isomorphism.More
40	Cubical.Categories.UniversalConstructions.End
40	Cubical.Categories.Presheaf.Sieve
40	Cubical.Categories.HLevels
39	Cubical.Categories.LocallySmall.Displayed.Instances.HomPropertyOver
39	Cubical.Categories.Instances.WalkingArrow
39	Cubical.Categories.Instances.Free.Category.UniversalProperty
38	Cubical.Foundations.HLevels.More
38	Cubical.Categories.Displayed.Instances.Graph.Properties
37	Cubical.Categories.WithFamilies.Base
37	Cubical.Categories.LocallySmall.Displayed.Instances.Weaken.Base
36	Cubical.Categories.LocallySmall.Instances.DisplayOverTerminal.Base
36	Cubical.Categories.Instances.Sets.Cartesian
36	Cubical.Categories.Enriched.NaturalTransformation.Base
36	Cubical.Categories.Displayed.Instances.StructureOver.More
35	Cubical.Categories.UniversalConstructions.WeightedLimit
33	Cubical.Categories.Presheaf.Constructions.Unit
33	Cubical.Categories.Adjoint.2Var
32	Cubical.Categories.LocallySmall.Displayed.Instances.Weaken.Properties
32	Cubical.Categories.Displayed.Presheaf.Constructions.Unit.Base
31	Cubical.Categories.Limits.AsRepresentable
30	Cubical.Categories.WithFamilies.Simple.Instances.Sets
30	Cubical.Categories.Subobject.Base
30	Cubical.Categories.Instances.Endo
30	Cubical.Categories.Adjoint.UniversalElements
29	Cubical.Categories.Presheaf.Morphism.Lift
28	Cubical.Categories.Limits.BinProduct.Adjoint
27	Cubical.Categories.Instances.BinProduct.Redundant.Assoc
26	Cubical.Categories.LocallySmall.Instances.ChangeOfObjects
25	Cubical.Categories.Presheaf.More
25	Cubical.Categories.Instances.Preorders.Base
25	Cubical.Categories.Instances.ChangeOfObjects
24	Cubical.Categories.Displayed.Instances.FunctorCoalgebras
24	Cubical.Categories.Displayed.Instances.CoEilenbergMoore
23	Cubical.Categories.WithFamilies.Simple.Functor
23	Cubical.Categories.LocallySmall.Variables.Category
23	Cubical.Categories.LocallySmall.Instances.Unit
23	Cubical.Categories.Instances.TotalCategory.More
23	Cubical.Categories.Displayed.CBPV.Unary.Instances.Displayed.FromU
22	Cubical.Categories.WithFamilies.Simple.TypeStructure.Functions
22	Cubical.Categories.Instances.Free.CartesianCategory.ProductQuiver
21	Cubical.Categories.Profunctor.General
21	Cubical.Categories.Monad.Strength.Cartesian.ExtensionSystem
21	Cubical.Categories.Instances.Free.CartesianClosedCategory.Quiver
19	Cubical.Categories.Displayed.Instances.Terminal.More
18	Cubical.Categories.Displayed.HLevels.More
17	Cubical.Categories.Instances.Thin
17	Cubical.Categories.Exponentials.Large
16	Cubical.Categories.LocallySmall.Instances.Level
16	Cubical.Categories.Instances.Props
16	Cubical.Categories.Functors.Constant.More
16	Cubical.Categories.CBPV.Base
15	Cubical.Categories.LocallySmall.Instances.Indiscrete
15	Cubical.Categories.Displayed.Instances.Opposite
14	Cubical.Categories.WithFamilies.Simple.Base
13	Guarded.Later.Properties
12	Cubical.Categories.LocallySmall.Variables.Base
12	Cubical.Categories.Instances.Indiscrete
11	Cubical.Prop.NatOrder
11	Cubical.Induction.WellFounded.More
11	Cubical.Categories.LocallySmall.Displayed.Category
10	Cubical.Categories.Presheaf.Constructions.Lift
