265161	Total
9628	Cubical.Categories.Displayed.CBPV.Unary.Instances.StateAlg.Vertical
9309	Cubical.Categories.Displayed.Presheaf.Uncurried.UniversalProperties
8941	Cubical.Categories.Displayed.CBPV.Unary.Instances.Free.BoolState.Additive
7514	Cubical.Categories.Displayed.CBPV.Unary.Instances.Free.Pure.Additive
5573	Cubical.Categories.Limits.Pullback.Alt
5126	Cubical.Categories.Displayed.Presheaf.Constructions.BinProduct.LocalRepresentability.Properties
5051	Miscellaneous
4677	Cubical.Categories.Displayed.Presheaf.Morphism
4323	Cubical.Categories.LocallySmall.Displayed.NaturalTransformation.IntoFiberCategory.Base
4232	Cubical.Categories.Displayed.Instances.Family.EqProperties
4159	Cubical.Categories.Displayed.Instances.Presheaf.Eq.CartesianClosed
4097	Cubical.Categories.Displayed.Presheaf.Uncurried.Constructions
3840	Cubical.Categories.Displayed.Instances.Reindex.UniversalQuantifier
3809	Cubical.Categories.DistributiveLaw.ComonadOverMonad.BiKleisli.Morphism
3663	Cubical.Categories.Displayed.Instances.Presheaf.Eq.Base
3599	Cubical.Categories.Displayed.Instances.Arrow.Limits
3445	Cubical.Categories.Displayed.Presheaf.Representable
3421	Cubical.Categories.Displayed.Presheaf.Uncurried.Base
2906	Cubical.Categories.Instances.Free.CartesianClosedCategory.Forded
2817	Cubical.Categories.Displayed.CBPV.Unary.Instances.StateAlg.Additive
2658	Cubical.Categories.Displayed.Presheaf.Uncurried.Eq.Conversion.CartesianClosedV
2635	Cubical.Categories.LocallySmall.Displayed.NaturalTransformation.IntoFiberCategory.Eq
2556	Cubical.Categories.Instances.Free.CartesianCategory.Forded
2506	Cubical.Categories.Displayed.Instances.Functor.Base
2486	Cubical.Categories.Displayed.Presheaf.Constructions.Reindex.Properties
2386	Cubical.Categories.LocallySmall.Displayed.Bifunctor.Base
2362	Cubical.Categories.Displayed.NaturalTransformation.More
2276	Cubical.Categories.Displayed.CBPV.Unary.Instances.Free.BoolState.Multiplicative
2244	Cubical.Categories.Displayed.Presheaf.Uncurried.Eq.Base
2195	Gluing.BiCartesianClosedCategory.BoolNatCanonicity.Forded
2087	Cubical.Categories.Displayed.Instances.Reindex.Monoidal
2010	Cubical.Categories.LocallySmall.Displayed.Category.SmallDisplayedFibers
1988	Cubical.Categories.Presheaf.Family.Base
1988	Cubical.Categories.Monad.Kleisli
1987	Cubical.Categories.Displayed.Bifunctor
1949	Cubical.Categories.Displayed.Presheaf.Constructions.Exponential.Base
1922	Cubical.Categories.Displayed.Profunctor
1900	Cubical.Categories.Instances.Hyperdoctrine.Unary
1874	Cubical.Categories.Instances.Functors.More
1849	Cubical.Categories.Displayed.FixedPoint
1840	Cubical.Categories.LocallySmall.Displayed.Instances.BinProduct.Base
1734	Cubical.Categories.Displayed.Instances.TotalCategory.Monoidal
1713	Cubical.Categories.Monad.ExtensionSystem
1659	Cubical.Categories.Monoidal.Properties
1635	Cubical.Categories.DistributiveLaw.ComonadOverMonad.BiKleisli.Base
1506	Cubical.Categories.WithFamilies.Simple.Instances.Free.Base
1436	Cubical.Categories.Instances.Free.BiCartesianClosedCategory.Forded
1428	Cubical.Categories.Displayed.Instances.Presheaf.General
1426	Cubical.Categories.Displayed.CBPV.Unary.Additive
1379	Cubical.Categories.Displayed.Functor.More
1365	Cubical.Categories.Displayed.CBPV.Unary.Instances.Free.Pure.Multiplicative
1333	Cubical.Categories.Displayed.CBPV.Unary.Base
1316	Cubical.Categories.Bifunctor
1294	Cubical.Categories.Presheaf.Morphism.Alt
1261	Cubical.Categories.Displayed.Instances.Reindex.Cartesian
1223	Cubical.Categories.Displayed.Presheaf.Uncurried.Fibration
1196	Cubical.Categories.Displayed.Presheaf.Constructions.BinProduct.Properties
1192	Cubical.Categories.Instances.Free.Lambda.Negative
1192	Cubical.Categories.Instances.Free.Lambda.ArrowOnly
1189	Gluing.BiCartesianClosedCategory.IdentityExtension
1171	Cubical.Categories.Displayed.Presheaf.Uncurried.Representable
1131	Cubical.Categories.Displayed.Presheaf.Constructions.Exponential.UniversalProperty
1115	Cubical.Categories.Displayed.CBPV.Unary.StateAlgEnrichment
1109	Cubical.Categories.Instances.Free.Monoidal.List
1089	Cubical.Categories.Instances.BinProduct.Monoidal
1087	Cubical.Categories.Displayed.Presheaf.Uncurried.Constructions.ExponentialD
1079	Cubical.Categories.Displayed.Instances.BinProduct.More
1078	Cubical.Categories.Displayed.Instances.Reindex.Eq.Properties
1048	Gluing.Lambda.BoolNatCanonicity.Negative
1037	Gluing.Lambda.BoolNatCanonicity.ArrowOnly
1030	Cubical.Categories.Displayed.CBPV.Unary.Instances.StateAlg.Base
999	Cubical.Categories.Displayed.Presheaf.Uncurried.Constructions.UniversalQuantifier
985	Cubical.Categories.Instances.Free.Monoidal.Base
985	Cubical.Algebra.State
928	Cubical.Categories.Displayed.Presheaf.Constructions.Quantifiers.Base
924	Cubical.Categories.Exponentials.Small
912	Cubical.Categories.Displayed.Presheaf.Constructions.Curry
892	Cubical.Categories.LocallySmall.Displayed.Instances.Reindex.Base
876	Cubical.Categories.Displayed.CBPV.Unary.Instances.Displayed.FromProf
861	Cubical.Categories.Displayed.Presheaf.Base
859	Cubical.Categories.LocallySmall.Displayed.Presheaf.GloballySmall.IntoFiberCategory.Properties
857	Cubical.Categories.Displayed.Presheaf.Uncurried.Constructions.Exponential
829	Cubical.Categories.LocallySmall.Presheaf.GloballySmall.IntoFiberCategory.Base
807	Cubical.Categories.Profunctor.StrictHom.Constructions.Extension
807	Cubical.Categories.Displayed.Limits.BinProduct.Base
803	Cubical.Categories.LocallySmall.Displayed.Functor.Base
774	Cubical.Categories.LocallySmall.Displayed.Instances.Functor.IntoFiberCategory
758	Cubical.Categories.Displayed.Limits.CartesianClosedV
752	Cubical.Categories.Displayed.Limits.BiCartesianClosedV
740	Cubical.Categories.Displayed.Presheaf.Constructions.Exponential.Properties
725	Cubical.Categories.Comonad.Base
724	Cubical.Categories.LocallySmall.Displayed.Category.Base
717	Cubical.Categories.Instances.BinProduct.Redundant.Assoc.ToLeft
695	Cubical.Categories.LocallySmall.Displayed.Presheaf.GloballySmall.Uncurried.Base
685	Cubical.Categories.LocallySmall.Displayed.Functor.Properties
639	Cubical.Categories.Displayed.Instances.Weaken.UncurriedProperties
616	Cubical.Categories.Displayed.Instances.Reindex.Fibration
596	Cubical.Categories.Instances.Presented
592	Cubical.Categories.Displayed.Instances.Reindex.UniversalProperties
579	Cubical.Categories.Instances.BinProduct.Redundant.Assoc.ToRight
567	Cubical.Categories.Instances.Fiber
565	Cubical.Categories.Displayed.Instances.Reindex.Limits
550	Cubical.Foundations.More
548	Cubical.Categories.Instances.Free.CartesianClosedCategory.UncurriedElim
544	Cubical.Categories.Presheaf.Constructions.BinProduct.Base
536	Cubical.Categories.Displayed.CBPV.Unary.Instances.Sets
525	Cubical.Categories.NaturalTransformation.More
525	Cubical.Categories.FunctorComprehension.Base
522	Cubical.Categories.Limits.BinProduct.More
520	Cubical.Categories.Presheaf.Constructions.Reindex
518	Cubical.Categories.Presheaf.StrictHom.Base
511	Cubical.Categories.Direct.StrictDownset
508	Gluing.CBPV.StateAlg.Multiplicative
507	Cubical.Categories.Profunctor.Relator
506	Cubical.Categories.Displayed.Instances.EilenbergMoore.Comparison
501	Cubical.Categories.Displayed.Monoidal.Base
498	Cubical.Categories.Instances.BinProduct.Cartesian
494	Cubical.Categories.Displayed.Presheaf.Uncurried.Eq.Conversion.Base
487	Gluing.Category.GuardedFixedPoint
487	Cubical.Categories.Presheaf.StrictHom.CartesianClosed
484	Gluing.CartesianClosedCategory.Conservativity.OverCartesianCategories.Forded
476	Cubical.Categories.Displayed.Instances.CoEilenbergMoore.Comparison
475	Cubical.Categories.Presheaf.Representable.More
463	Gluing.CBPV.StateAlg.Additive
457	Cubical.Categories.LocallySmall.Presheaf.GloballySmall.IntoFiberCategory.Constructions.BinProduct.Base
457	Cubical.Categories.Exponentials.RightAdjoint
442	Cubical.Categories.Displayed.Instances.Presheaf.Limits
441	Gluing.CBPV.Pure.Additive
435	Cubical.Categories.Displayed.Alt.Fibrous
434	Gluing.CBPV.Pure.Multiplicative
434	Cubical.Categories.Monoidal.Instances.Presheaf
433	Cubical.Categories.Displayed.Instances.Comma
429	Cubical.Categories.Displayed.Limits.BinProduct.Properties
424	Cubical.Tactics.AltFunctorSolver.Solver
416	Cubical.Categories.Instances.Sets.Properties
411	Cubical.Categories.Displayed.Instances.Reindex.Exponential
409	Cubical.Categories.Displayed.Presheaf.CartesianLift.Manual
407	Cubical.Categories.Instances.Free.CartesianCategory.CurriedElim
401	Cubical.Categories.Displayed.Instances.Reindex.CartesianClosed
400	Cubical.Categories.Presheaf.Constructions.BinProduct.LocalRepresentability
398	Cubical.Categories.Displayed.Presheaf.CartesianLift.Properties
386	Cubical.Categories.LocallySmall.NaturalTransformation.IntoFiberCategory
375	Cubical.Categories.Displayed.Quantifiers.Base
375	Cubical.Categories.Direct.LocallyContractive
373	Cubical.Categories.Displayed.Presheaf.Uncurried.Eq.Sets
363	Cubical.Categories.Monoidal.Dual
361	Gluing.Category
354	Cubical.Categories.Instances.Free.CartesianCategory.UncurriedElim
348	Gluing.Category.Forded
347	Gluing.BiCartesianClosedCategory.StackParametricity
346	Cubical.Categories.Enriched.Instances.Presheaf.ChangeBase
345	Cubical.Categories.Displayed.Limits.Terminal
340	Cubical.Categories.LocallySmall.Displayed.Instances.Total
333	Cubical.Categories.Displayed.Instances.Graph.Presheaf
332	Gluing.CartesianCategory.Conservativity.OverCategories.Forded
328	Cubical.Categories.Monoidal.Functor
327	Cubical.Categories.CBPV.Instances.Free
323	Cubical.Categories.Displayed.Instances.FunctorAlgebras.Recursive
322	Gluing.CartesianClosedCategory.Conservativity.OverCategories.Forded
315	Cubical.Categories.Presheaf.Constructions.Tensor
311	Cubical.Foundations.Equiv.Dependent.More
309	Cubical.Categories.WithFamilies.Simple.Properties
309	Cubical.Categories.Presheaf.Constructions.Exponential
309	Cubical.Categories.Instances.BinProduct.Redundant.Base
307	Cubical.Categories.Instances.Free.Category.QuiverPath
306	Cubical.CoData.Delay
305	Cubical.Categories.Instances.Free.CategoryWithTerminal
305	Cubical.Categories.Displayed.Instances.Arrow.Monoidal
300	Cubical.Categories.Displayed.Instances.Reindex.Eq.Base
297	Cubical.Categories.LocallySmall.Displayed.Category.Properties
295	Cubical.Categories.LocallySmall.Bifunctor.Base
292	Cubical.Foundations.ReindNormalForm
290	Cubical.Categories.LocallySmall.Instances.Functor.IntoFiberCategory.Properties
290	Cubical.Categories.Displayed.Presheaf.Constructions.Reindex.Base
285	Cubical.Categories.Displayed.Exponentials.Small
283	Cubical.Categories.LocallySmall.Displayed.Presheaf.GloballySmall.IntoFiberCategory.Base
281	Cubical.Categories.Displayed.Instances.Presheaf.Eq.Cartesian
278	Cubical.Categories.Displayed.Fibration.Base
275	Cubical.Categories.Displayed.Exponentials.RightAdjoint
272	Cubical.Categories.LocallySmall.Displayed.Category.Notation
267	Cubical.Categories.Displayed.Presheaf.Uncurried.Eq.Conversion.CartesianV
266	Cubical.Categories.Instances.Free.Category.GuardedFixedPoint
264	Cubical.Relation.Binary.Preorder
263	Guarded.Gluing.Canonicity
260	Cubical.Categories.Displayed.Instances.Weaken.Properties
258	Cubical.Categories.Profunctor.Homomorphism.NaturalElement
251	Cubical.Categories.Displayed.Limits.BiCartesianClosedSection
250	Cubical.Categories.Presheaf.Constructions.RightAdjoint
246	Cubical.Categories.Instances.Fiber.Strict
246	Cubical.Categories.Displayed.Instances.Sets.Base
244	Cubical.Categories.Displayed.Presheaf.Constructions.ReindexFunctor.Base
240	Cubical.Categories.Displayed.Instances.Presheaf.Uncurried.Base
239	Cubical.Categories.LocallySmall.Displayed.Category.Small
233	Cubical.Categories.Displayed.Instances.Presheaf.Base
231	Cubical.Categories.Displayed.Instances.Presheaf.Properties
229	Cubical.Categories.Displayed.Magmoid
227	Cubical.Categories.Displayed.Instances.Weaken.Monoidal
226	Cubical.Categories.Displayed.Presheaf.Constructions.Lift.Properties
222	Cubical.Categories.Displayed.CBPV.Unary.Instances.Free.Pure.Base
219	Cubical.Categories.LocallySmall.Displayed.Instances.Graph.Presheaf.GloballySmall.Base
217	Cubical.Categories.Presheaf.Nerve
215	Cubical.Categories.Enriched.Instances.Presheaf.Self
215	Cubical.Categories.Direct.Product
212	Cubical.Categories.Displayed.Instances.Sets.Properties
211	Cubical.Categories.Instances.Free.Functor.AltPresented
206	Cubical.Categories.Presheaf.StrictHom.RightAdjoint
205	Cubical.Categories.Presheaf.CCC
200	Gluing.BiCartesianClosedCategory.FlipperParametricity
200	Cubical.Categories.Direct.StrictUpset
199	Cubical.Categories.Displayed.Presheaf.Uncurried.Fibration.Displayed
199	Cubical.Categories.Displayed.Limits.CartesianSection
196	Cubical.Categories.Displayed.Limits.CartesianClosedSection
195	Cubical.Categories.Presheaf.Constructions.Comprehension
194	Cubical.Categories.LocallySmall.Displayed.HLevels
192	Cubical.Categories.Direct.Predecessor
190	Cubical.Categories.Instances.Coproduct
186	Cubical.Categories.Instances.Functors.Redundant
182	Cubical.Categories.Monoidal.Combinators.Base
182	Cubical.Categories.LocallySmall.Category.Base
182	Cubical.Categories.Displayed.CBPV.Unary.Instances.FromProf
177	Cubical.Categories.LocallySmall.Displayed.Section.Base
175	Cubical.Categories.Displayed.Presheaf.Constructions.Unit.Properties
171	Cubical.Categories.Displayed.Instances.Family.Properties
169	Cubical.Categories.Instances.BinProduct.More
168	Cubical.Categories.Monoidal.Combinators.Equations
167	Cubical.Categories.Instances.Free.Category.Forded
165	Cubical.Categories.DistributiveLaw.ComonadOverMonad.Base
163	Cubical.Categories.Instances.Preorders.Monotone.Adjoint
163	Cubical.Categories.Adjoint.Monad
162	Cubical.Categories.LocallySmall.Functor.Base
157	Cubical.Categories.Instances.TransitionSystem
156	Cubical.Categories.Displayed.Presheaf.Properties
155	Cubical.Categories.Profunctor.Constructions.Extension
154	Cubical.Categories.LocallySmall.Instances.Functor.IntoFiberCategory.Base
150	Cubical.Categories.Limits.Cartesian.Base
147	Cubical.Categories.Displayed.Presheaf.Section
146	Cubical.Categories.LocallySmall.NaturalTransformation.Small
144	Cubical.Categories.Displayed.Presheaf.Constructions.BinProduct.Base
141	Cubical.Categories.LocallySmall.Displayed.Presheaf.GloballySmall.Uncurried.Representable
140	Cubical.Categories.LocallySmall.Displayed.Instances.Sets.Base
133	Cubical.Categories.Comonad.Instances.Environment
131	Cubical.Categories.Functors.More
130	Cubical.Categories.LocallySmall.Instances.Total.Properties
129	Cubical.Categories.Enriched.Instances.FromCat
128	Cubical.Categories.Instances.Free.CartesianClosedCategory.Base
128	Cubical.Categories.Displayed.Limits.BinProduct.Fiberwise
127	Gluing.CBPV.Pure.Judgmental
126	Cubical.Categories.Profunctor.StrictHom.Base
122	Cubical.Categories.LocallySmall.Displayed.Instances.Reindex.Properties
118	Cubical.Categories.Instances.Sets.More
118	Cubical.Categories.Instances.Functors.Redundant.Bifunctor
118	Cubical.Categories.Displayed.CBPV.Unary.Instances.FromU
117	Cubical.Categories.Monad.Algebra
117	Cubical.Categories.LocallySmall.Instances.DisplayOverTerminal.Properties
117	Cubical.Categories.Displayed.Presheaf.Constructions.Quantifiers.UniversalProperty.ComposeWeakening
117	Cubical.Categories.Displayed.FunctorComprehension
115	Cubical.Categories.Displayed.Limits.CartesianV
111	Cubical.Categories.Instances.Free.CartesianCategory.Base
110	Cubical.Categories.Instances.FromEnriched
110	Cubical.Categories.Displayed.Presheaf.Constructions.Quantifiers.UniversalProperty.Quantifiers
109	Cubical.Categories.Displayed.Instances.Path.Displayed
106	Cubical.Categories.LocallySmall.Displayed.Section.Bisection
105	Cubical.Categories.LocallySmall.Displayed.Instances.ChangeOfObjects
104	Cubical.Categories.Limits.Coend
102	Cubical.Categories.Displayed.Instances.Arrow.Base
99	Cubical.HITs.PathEq
99	Cubical.Categories.Displayed.Instances.Graph.Base
98	Cubical.Categories.Displayed.Instances.SimpleTotalCategoryR
95	Gluing.CartesianCategory
95	Cubical.Categories.LocallySmall.Functor.Constant
94	Gluing.CartesianClosedCategory.BoolNatCanonicity.UncurriedElim
94	Gluing.CartesianClosedCategory.BoolNatCanonicity.Forded
91	Cubical.Categories.Displayed.Presheaf.Constructions.BinProduct.LocalRepresentability.Base
90	Cubical.Categories.Direct.Base
89	Cubical.Categories.WithFamilies.Simple.Displayed
88	Cubical.Categories.Instances.FullImage
88	Cubical.Categories.Enriched.Functors.Base
86	Gluing.CartesianCategory.BoolNatCanonicity.Forded
86	Cubical.Categories.Displayed.More
86	Cubical.Categories.Displayed.Adjoint.More
85	Cubical.Data.Sum.More
84	Gluing.CartesianCategory.BoolNatCanonicity.UncurriedElim
83	Cubical.Categories.Displayed.Limits.CartesianD
82	Gluing.Category.BoolNatCanonicity
78	Cubical.Categories.WithFamilies.Simple.Instances.Reindex
78	Cubical.Categories.Instances.Preorders.Monotone
77	Cubical.Categories.Instances.Quotient.More
76	Cubical.Categories.Displayed.Instances.Functor.Properties
75	Cubical.Categories.Limits.Pullback.More
75	Cubical.Categories.Displayed.Alt.LevelPoly
73	Gluing.BiCartesianClosedCategory.BinaryLogicalRelation
70	Cubical.Data.Sigma.More
70	Cubical.Categories.LocallySmall.Displayed.Instances.StructureOver.Base
69	Cubical.Categories.LocallySmall.Functor.IntoFiberCategory
69	Cubical.Categories.Isomorphism.More
69	Cubical.Categories.Equivalence.More
69	Cubical.Categories.Displayed.Instances.HomPropertyOver
69	Cubical.Categories.Displayed.HLevels.PropValuedPresheaf
68	Cubical.Categories.WithFamilies.Simple.Instances.Democratic
67	Cubical.Categories.Limits.BiCartesianClosed.Base
67	Cubical.Categories.Displayed.Instances.Free.CBPV.Unary.Full
67	Cubical.Categories.Displayed.Fibration.TwoSided
66	Cubical.Categories.Displayed.Instances.Arrow.Properties
65	Cubical.Categories.Instances.Bifunctors
64	Cubical.Categories.Limits.IndexedProduct.Base
63	Cubical.Categories.Profunctor.Homomorphism.Bilinear
63	Cubical.Categories.LocallySmall.NaturalTransformation.Large
62	Cubical.Categories.Limits.Terminal.More
62	Cubical.Categories.Displayed.Instances.Reindex.CurriedFibration
60	Cubical.Categories.WithFamilies.Simple.Instances.VerticalToDisplayed
60	Cubical.Categories.LocallySmall.Instances.BinProduct.Base
60	Cubical.Categories.LocallySmall.Functor.Properties
60	Cubical.Categories.Displayed.Presheaf.CartesianLift.Base
59	Cubical.Data.Equality.More
59	Cubical.Categories.Profunctor.Hom
59	Cubical.Categories.NaturalTransformation.Cartesian
59	Cubical.Categories.Displayed.Instances.FunctorAlgebras
58	Cubical.Categories.Presheaf.StrictHom.Bifunctor
58	Cubical.Categories.Displayed.Instances.PropertyOver.Cartesian
56	Cubical.Categories.NaturalTransformation.Reind
55	Gluing.Canonicity
54	Cubical.Data.Maybe.More
54	Cubical.Categories.LocallySmall.Instances.Functor.Small
54	Cubical.Categories.Displayed.Instances.Reindex.Properties
52	Cubical.Categories.Yoneda.More
52	Cubical.Categories.Limits.Cartesian.More
52	Cubical.Categories.Displayed.Presheaf.Uncurried.Eq.Conversion.BiCartesianClosedV
51	Gluing.Terminal
48	Cubical.Categories.Instances.TotalCategory.Cartesian
48	Cubical.Categories.Displayed.Instances.IsoFiber.Base
47	Cubical.Categories.Limits.CartesianClosed.Base
46	Cubical.Categories.Instances.Relators
46	Cubical.Categories.Instances.Presheaf
45	Guarded.Later.Base
45	Cubical.Categories.Presheaf.Constructions.IndexedProduct
44	Cubical.Categories.LocallySmall.Instances.BinProduct.Properties
44	Cubical.Categories.Displayed.Presheaf.Constructions.Quantifiers.Properties
43	Cubical.Categories.Displayed.Univalence
42	Cubical.Categories.Profunctor.Homomorphism.Unary
42	Cubical.Categories.Displayed.Presheaf.Constructions.Lift.Base
41	Cubical.Reflection.RecordEquiv.More
41	Cubical.Foundations.Isomorphism.More
41	Cubical.Categories.Displayed.Instances.EilenbergMoore
40	Cubical.Categories.LocallySmall.Category.Small
40	Cubical.Categories.Comonad.ExtensionSystem
39	Syntax.ULC
39	Cubical.Categories.Presheaf.Sieve
39	Cubical.Categories.Instances.WalkingArrow
39	Cubical.Categories.HLevels
39	Cubical.Categories.Displayed.Limits.BinProduct.Adjoint
38	Cubical.Categories.Enriched.NaturalTransformation.Base
37	Cubical.Categories.LocallySmall.Displayed.Functor.Constant
37	Cubical.Categories.Instances.Posets.Base
36	Cubical.Foundations.HLevels.More
36	Cubical.Categories.Displayed.Instances.Graph.Properties
34	Cubical.Categories.Instances.Free.Category.UniversalProperty
34	Cubical.Categories.FixedPoint
34	Cubical.Categories.Adjoint.2Var
33	Cubical.Categories.Presheaf.Constructions.Unit
33	Cubical.Categories.LocallySmall.Presheaf.GloballySmall.IntoFiberCategory.Constructions.Unit.Base
33	Cubical.Categories.Displayed.Instances.SimpleTotalCategoryL
32	Cubical.Categories.LocallySmall.Displayed.Instances.HomPropertyOver
32	Cubical.Categories.Instances.Strictification
32	Cubical.Categories.Displayed.Presheaf.Constructions.Unit.Base
32	Cubical.Categories.Displayed.Limits.ClosedV
32	Cubical.Categories.Displayed.Instances.StructureOver.More
32	Cubical.Categories.Displayed.Fibration.IsoFibration
31	Cubical.Categories.LocallySmall.Displayed.Instances.Weaken.Base
31	Cubical.Categories.Adjoint.UniversalElements
30	Cubical.Categories.Subobject.Base
29	Cubical.Categories.LocallySmall.Instances.DisplayOverTerminal.Base
28	Cubical.Categories.Instances.Free.BiCartesianClosedCategory.Quiver
28	Cubical.Categories.Instances.BinProduct.Redundant.Assoc
27	Cubical.Categories.Presheaf.Morphism.Lift
27	Cubical.Categories.Displayed.Fibration.Manual
26	Cubical.Categories.WithFamilies.Simple.Instances.Sets
26	Cubical.Categories.Displayed.Instances.Family.Base
25	Cubical.Categories.Instances.Sets.Cartesian
25	Cubical.Categories.Instances.Free.Monoidal.Coherence
24	Cubical.Categories.UniversalConstructions.End
24	Cubical.Categories.Presheaf.More
24	Cubical.Categories.Limits.AsRepresentable
24	Cubical.Categories.Instances.ChangeOfObjects
24	Cubical.Categories.Displayed.Reasoning.More
24	Cubical.Categories.Displayed.Exponentials.CartesianClosed
23	Cubical.Categories.WithFamilies.Simple.Functor
23	Cubical.Categories.Limits.BinProduct.Adjoint
23	Cubical.Categories.Instances.TotalCategory.More
23	Cubical.Categories.Displayed.Instances.FunctorCoalgebras
23	Cubical.Categories.Displayed.Instances.CoEilenbergMoore
22	Cubical.Categories.LocallySmall.Displayed.Instances.Weaken.Properties
22	Cubical.Categories.Instances.Endo
21	Cubical.Categories.WithFamilies.Base
21	Cubical.Categories.Profunctor.General
21	Cubical.Categories.LocallySmall.Instances.ChangeOfObjects
21	Cubical.Categories.Displayed.Instances.IsoFiber.Monoidal
21	Cubical.Categories.Displayed.CBPV.Unary.Instances.Displayed.FromU
20	Cubical.Categories.WithFamilies.Simple.TypeStructure.Functions
20	Cubical.Categories.UniversalConstructions.WeightedLimit
20	Cubical.Categories.Instances.Preorders.Base
19	Cubical.Categories.LocallySmall.Instances.Unit
19	Cubical.Categories.Instances.Free.CartesianClosedCategory.Quiver
19	Cubical.Categories.Instances.Free.CartesianCategory.ProductQuiver
18	Cubical.Categories.Displayed.HLevels.More
17	Cubical.Categories.LocallySmall.Variables.Category
17	Cubical.Categories.Instances.Props
17	Cubical.Categories.Displayed.Instances.Terminal.More
16	Cubical.Categories.Monad.Strength.Cartesian.ExtensionSystem
16	Cubical.Categories.Exponentials.Large
16	Cubical.Categories.CBPV.Base
15	Cubical.Categories.LocallySmall.Instances.Level
15	Cubical.Categories.Instances.Thin
15	Cubical.Categories.Displayed.Instances.Opposite
14	Cubical.Categories.Functors.Constant.More
13	Cubical.Categories.WithFamilies.Simple.Base
12	Cubical.Categories.Instances.Indiscrete
11	Guarded.Later.Properties
11	Cubical.Categories.LocallySmall.Variables.Base
10	Cubical.Induction.WellFounded.More
10	Cubical.Categories.Presheaf.Constructions.Lift
10	Cubical.Categories.LocallySmall.Instances.Indiscrete
