272512	Total
10067	Cubical.Categories.Displayed.CBPV.Unary.Instances.StateAlg.Vertical
9495	Cubical.Categories.Displayed.Presheaf.Uncurried.UniversalProperties
9142	Cubical.Categories.Displayed.CBPV.Unary.Instances.Free.BoolState.Additive
7440	Cubical.Categories.Displayed.CBPV.Unary.Instances.Free.Pure.Additive
5308	Cubical.Categories.Limits.Pullback.Alt
5152	Miscellaneous
4980	Cubical.Categories.Displayed.Presheaf.Constructions.BinProduct.LocalRepresentability.Properties
4557	Cubical.Categories.Displayed.Presheaf.Morphism
4453	Cubical.Categories.LocallySmall.Displayed.NaturalTransformation.IntoFiberCategory.Base
4322	Cubical.Categories.Displayed.Instances.Family.EqProperties
4042	Cubical.Categories.Displayed.Instances.Presheaf.Eq.CartesianClosed
3967	Cubical.Categories.Displayed.Presheaf.Uncurried.Constructions
3924	Cubical.Categories.Displayed.Instances.Reindex.UniversalQuantifier
3733	Cubical.Categories.Displayed.Presheaf.Representable
3647	Cubical.Categories.Displayed.Instances.Arrow.Limits
3559	Cubical.Categories.DistributiveLaw.ComonadOverMonad.BiKleisli.Morphism
3554	Cubical.Categories.Displayed.Instances.Presheaf.Eq.Base
3416	Cubical.Categories.Displayed.Presheaf.Uncurried.Base
3208	Cubical.Categories.Displayed.Presheaf.Constructions.Quantifiers.Base
3068	Cubical.Categories.Instances.Free.CartesianClosedCategory.Forded
2716	Cubical.Categories.Displayed.CBPV.Unary.Instances.StateAlg.Additive
2680	Cubical.Categories.Displayed.Presheaf.Constructions.Reindex.Properties
2627	Cubical.Categories.LocallySmall.Displayed.NaturalTransformation.IntoFiberCategory.Eq
2620	Cubical.Categories.Displayed.Presheaf.Uncurried.Eq.Conversion.CartesianClosedV
2577	Cubical.Categories.Displayed.Instances.Functor.Base
2414	Cubical.Categories.LocallySmall.Displayed.Bifunctor.Base
2372	Cubical.Categories.Instances.Free.CartesianCategory.Forded
2309	Cubical.Categories.Displayed.NaturalTransformation.More
2243	Cubical.Categories.Displayed.Presheaf.Uncurried.Eq.Base
2215	Cubical.Categories.Displayed.CBPV.Unary.Instances.Free.BoolState.Multiplicative
2088	Cubical.Categories.Displayed.Profunctor
2061	Cubical.Categories.Monad.Kleisli
2048	Gluing.BiCartesianClosedCategory.BoolNatCanonicity.Forded
2003	Cubical.Categories.Monad.ExtensionSystem
1993	Cubical.Categories.LocallySmall.Displayed.Category.SmallDisplayedFibers
1992	Cubical.Categories.Instances.Hyperdoctrine.Unary
1980	Cubical.Categories.Presheaf.Family.Base
1973	Cubical.Categories.Displayed.Presheaf.Constructions.Exponential.Base
1961	Cubical.Categories.Displayed.Instances.Reindex.Monoidal
1940	Cubical.Categories.Displayed.Bifunctor
1867	Cubical.Categories.Instances.Functors.More
1792	Cubical.Categories.Displayed.FixedPoint
1754	Cubical.Categories.Displayed.Instances.TotalCategory.Monoidal
1741	Cubical.Categories.LocallySmall.Displayed.Instances.BinProduct.Base
1725	Cubical.Categories.Displayed.Presheaf.Constructions.Quantifiers.UniversalProperty.ComposeWeakening
1650	Cubical.Categories.DistributiveLaw.ComonadOverMonad.BiKleisli.Base
1607	Cubical.Categories.Monoidal.Properties
1562	Cubical.Categories.Displayed.Presheaf.Constructions.Quantifiers.Properties
1521	Cubical.Categories.WithFamilies.Simple.Instances.Free.Base
1479	Cubical.Categories.Displayed.CBPV.Unary.Additive
1439	Cubical.Categories.Instances.Free.BiCartesianClosedCategory.Forded
1417	Cubical.Categories.Displayed.Instances.Presheaf.General
1340	Cubical.Categories.Displayed.Functor.More
1333	Cubical.Categories.Displayed.CBPV.Unary.Base
1311	Cubical.Categories.Displayed.CBPV.Unary.Instances.Free.Pure.Multiplicative
1265	Cubical.Categories.Displayed.Presheaf.Uncurried.Fibration
1254	Cubical.Categories.Displayed.Instances.Reindex.Cartesian
1248	Cubical.Categories.Instances.Free.Lambda.Negative
1217	Cubical.Categories.Displayed.Presheaf.Constructions.Exponential.UniversalProperty
1212	Cubical.Categories.Presheaf.Morphism.Alt
1212	Cubical.Categories.Bifunctor
1196	Cubical.Categories.Displayed.CBPV.Unary.StateAlgEnrichment
1175	Cubical.Categories.Displayed.Presheaf.Uncurried.Representable
1170	Cubical.Categories.Displayed.Presheaf.Constructions.BinProduct.Properties
1161	Cubical.Categories.Displayed.CBPV.Unary.Instances.StateAlg.Base
1144	Cubical.Categories.Instances.Free.Lambda.ArrowOnly
1132	Gluing.BiCartesianClosedCategory.IdentityExtension
1122	Cubical.Categories.Displayed.Presheaf.Uncurried.Constructions.ExponentialD
1108	Cubical.Categories.Instances.Free.Monoidal.List
1102	Cubical.Categories.Instances.BinProduct.Monoidal
1094	Cubical.Categories.Displayed.Instances.Reindex.Eq.Properties
1054	Gluing.Lambda.BoolNatCanonicity.Negative
1049	Cubical.Categories.Instances.Free.Monoidal.Base
1022	Gluing.Lambda.BoolNatCanonicity.ArrowOnly
1018	Cubical.Categories.Displayed.Instances.BinProduct.More
981	Cubical.Algebra.State
964	Cubical.Categories.LocallySmall.Displayed.Instances.Reindex.Base
954	Cubical.Categories.Exponentials.Small
949	Cubical.Categories.Displayed.Presheaf.Uncurried.Constructions.UniversalQuantifier
942	Cubical.Categories.Displayed.CBPV.Unary.Instances.Displayed.FromProf
921	Cubical.Categories.Displayed.Presheaf.Constructions.Curry
872	Cubical.Categories.Profunctor.StrictHom.Constructions.Extension
866	Cubical.Categories.LocallySmall.Displayed.Functor.Base
861	Cubical.Categories.LocallySmall.Displayed.Presheaf.GloballySmall.IntoFiberCategory.Properties
850	Cubical.Categories.Displayed.Presheaf.Uncurried.Constructions.Exponential
826	Cubical.Categories.Displayed.Presheaf.Base
812	Cubical.Categories.LocallySmall.Displayed.Instances.Functor.IntoFiberCategory
803	Cubical.Categories.Displayed.Limits.BinProduct.Base
800	Cubical.Categories.Displayed.Limits.CartesianClosedV
796	Cubical.Categories.Displayed.Limits.BiCartesianClosedV
779	Cubical.Categories.LocallySmall.Displayed.Category.Base
776	Cubical.Categories.LocallySmall.Presheaf.GloballySmall.IntoFiberCategory.Base
747	Cubical.Categories.Displayed.Presheaf.Constructions.Exponential.Properties
745	Cubical.Categories.LocallySmall.Displayed.Presheaf.GloballySmall.Uncurried.Base
712	Cubical.Categories.Comonad.Base
693	Cubical.Categories.Instances.BinProduct.Redundant.Assoc.ToLeft
664	Cubical.Categories.LocallySmall.Displayed.Functor.Properties
657	Cubical.Categories.Displayed.Instances.Weaken.UncurriedProperties
622	Cubical.Categories.Displayed.Instances.Reindex.Fibration
618	Cubical.Categories.Instances.Presented
617	Cubical.Categories.Instances.BinProduct.Redundant.Assoc.ToRight
605	Cubical.Categories.Presheaf.StrictHom.Base
595	Cubical.Categories.Displayed.Instances.Reindex.UniversalProperties
593	Cubical.Categories.Presheaf.Constructions.Reindex
590	Cubical.Categories.Instances.Fiber
573	Cubical.Categories.Displayed.CBPV.Unary.Instances.Sets
569	Cubical.Categories.Displayed.Instances.Reindex.Limits
567	Cubical.Categories.Presheaf.Constructions.BinProduct.Base
565	Cubical.Categories.Profunctor.Relator
565	Cubical.Categories.Limits.BinProduct.More
559	Cubical.Categories.Displayed.Monoidal.Base
534	Cubical.Foundations.More
525	Cubical.Categories.FunctorComprehension.Base
517	Cubical.Categories.NaturalTransformation.More
510	Cubical.Categories.Displayed.Instances.EilenbergMoore.Comparison
504	Cubical.Categories.Direct.StrictDownset
499	Cubical.Categories.Displayed.Presheaf.Uncurried.Eq.Conversion.Base
497	Gluing.CBPV.StateAlg.Additive
497	Cubical.Categories.Instances.Free.CartesianClosedCategory.UncurriedElim
491	Cubical.Categories.Presheaf.StrictHom.CartesianClosed
487	Cubical.Categories.LocallySmall.Presheaf.GloballySmall.IntoFiberCategory.Constructions.BinProduct.Base
484	Cubical.Categories.Displayed.Instances.Presheaf.Limits
483	Gluing.Category.GuardedFixedPoint
479	Gluing.CBPV.StateAlg.Multiplicative
479	Cubical.Categories.Instances.BinProduct.Cartesian
475	Gluing.CartesianClosedCategory.Conservativity.OverCartesianCategories.Forded
473	Cubical.Categories.Displayed.Alt.Fibrous
471	Cubical.Categories.Presheaf.Representable.More
466	Cubical.Categories.Exponentials.RightAdjoint
462	Cubical.Categories.Monoidal.Instances.Presheaf
458	Cubical.Categories.Displayed.Instances.CoEilenbergMoore.Comparison
439	Gluing.CBPV.Pure.Additive
439	Cubical.Categories.Displayed.Quantifiers.Base
435	Cubical.Categories.Displayed.Instances.Comma
434	Cubical.Categories.Presheaf.Constructions.BinProduct.LocalRepresentability
430	Cubical.Categories.Displayed.Limits.BinProduct.Properties
418	Cubical.Categories.Displayed.Instances.Reindex.Exponential
417	Gluing.CBPV.Pure.Multiplicative
405	Cubical.Categories.Instances.Sets.Properties
405	Cubical.Categories.Displayed.Instances.Reindex.CartesianClosed
404	Cubical.Tactics.AltFunctorSolver.Solver
400	Cubical.Categories.Displayed.Presheaf.CartesianLift.Manual
392	Cubical.Categories.Instances.Free.CartesianCategory.CurriedElim
388	Cubical.Categories.Displayed.Presheaf.CartesianLift.Properties
387	Cubical.Categories.Displayed.Limits.Terminal
376	Cubical.Categories.Direct.LocallyContractive
371	Cubical.Categories.Displayed.Presheaf.Uncurried.Eq.Sets
365	Cubical.Categories.LocallySmall.NaturalTransformation.IntoFiberCategory
359	Gluing.Category
355	Cubical.Categories.CBPV.Instances.Free
353	Cubical.Categories.Instances.Free.CartesianCategory.UncurriedElim
349	Gluing.BiCartesianClosedCategory.StackParametricity
345	Cubical.Categories.Monoidal.Dual
343	Cubical.Categories.Enriched.Instances.Presheaf.ChangeBase
338	Gluing.Category.Forded
335	Cubical.Categories.Monoidal.Functor
333	Cubical.Categories.WithFamilies.Simple.Properties
333	Cubical.Categories.Displayed.Instances.Graph.Presheaf
332	Cubical.Foundations.Equiv.Dependent.More
319	Cubical.Categories.Displayed.Instances.FunctorAlgebras.Recursive
318	Gluing.CartesianClosedCategory.Conservativity.OverCategories.Forded
317	Cubical.Categories.Presheaf.Constructions.Tensor
317	Cubical.Categories.LocallySmall.Displayed.Category.Properties
315	Cubical.Categories.Presheaf.Constructions.Exponential
315	Cubical.Categories.Displayed.Instances.Reindex.Eq.Base
314	Cubical.Categories.LocallySmall.Displayed.Instances.Total
312	Cubical.Categories.Displayed.Instances.Arrow.Monoidal
307	Cubical.Categories.LocallySmall.Bifunctor.Base
306	Cubical.Foundations.ReindNormalForm
297	Cubical.Categories.Instances.Free.Category.QuiverPath
294	Cubical.Categories.Instances.Free.CategoryWithTerminal
291	Gluing.CartesianCategory.Conservativity.OverCategories.Forded
291	Cubical.Categories.LocallySmall.Instances.Functor.IntoFiberCategory.Properties
286	Cubical.Categories.Displayed.Exponentials.Small
284	Cubical.Categories.Instances.BinProduct.Redundant.Base
283	Cubical.CoData.Delay
283	Cubical.Categories.LocallySmall.Displayed.Presheaf.GloballySmall.IntoFiberCategory.Base
280	Cubical.Relation.Binary.Preorder
279	Cubical.Categories.Profunctor.Homomorphism.NaturalElement
279	Cubical.Categories.Displayed.Exponentials.RightAdjoint
277	Cubical.Categories.LocallySmall.Displayed.Category.Notation
277	Cubical.Categories.Displayed.Fibration.Base
271	Cubical.Categories.Displayed.Magmoid
267	Guarded.Gluing.Canonicity
267	Cubical.Categories.Displayed.Presheaf.Uncurried.Eq.Conversion.CartesianV
265	Cubical.Categories.Displayed.Instances.Weaken.Properties
264	Cubical.Categories.Displayed.Instances.Presheaf.Eq.Cartesian
263	Cubical.Categories.Displayed.Presheaf.Constructions.Reindex.Base
260	Cubical.Categories.LocallySmall.Displayed.Category.Small
254	Cubical.Categories.Enriched.Instances.Presheaf.Self
254	Cubical.Categories.Displayed.Limits.BiCartesianClosedSection
249	Cubical.Categories.Presheaf.Constructions.RightAdjoint
246	Cubical.Categories.Displayed.Presheaf.Constructions.Quantifiers.UniversalProperty.Quantifiers
244	Cubical.Categories.Displayed.Presheaf.Constructions.ReindexFunctor.Base
242	Cubical.Categories.Instances.Free.Category.GuardedFixedPoint
242	Cubical.Categories.Displayed.Instances.Presheaf.Uncurried.Base
242	Cubical.Categories.Displayed.CBPV.Unary.Instances.Free.Pure.Base
242	Cubical.Categories.Direct.Product
238	Cubical.Categories.Displayed.Instances.Sets.Base
235	Cubical.Categories.Displayed.Instances.Presheaf.Properties
232	Cubical.Categories.Instances.Fiber.Strict
230	Cubical.Categories.Displayed.Presheaf.Constructions.Lift.Properties
229	Cubical.Categories.Displayed.Instances.Presheaf.Base
228	Cubical.Categories.Presheaf.Nerve
228	Cubical.Categories.Displayed.Instances.Weaken.Monoidal
227	Cubical.Categories.Displayed.Instances.Sets.Properties
212	Cubical.Categories.Presheaf.CCC
207	Cubical.Categories.Presheaf.StrictHom.RightAdjoint
203	Cubical.Categories.LocallySmall.Displayed.Instances.Graph.Presheaf.GloballySmall.Base
202	Cubical.Categories.Presheaf.Constructions.Comprehension
202	Cubical.Categories.Displayed.CBPV.Unary.Instances.FromProf
201	Cubical.Categories.Direct.StrictUpset
198	Cubical.Categories.LocallySmall.Category.Base
198	Cubical.Categories.Instances.Functors.Redundant
197	Cubical.Categories.Monoidal.Combinators.Base
196	Cubical.Categories.Displayed.Presheaf.Uncurried.Fibration.Displayed
196	Cubical.Categories.Direct.Predecessor
195	Cubical.Categories.Instances.Free.Functor.AltPresented
194	Cubical.Categories.LocallySmall.Displayed.HLevels
190	Gluing.BiCartesianClosedCategory.FlipperParametricity
190	Cubical.Categories.Displayed.Limits.CartesianClosedSection
184	Cubical.Categories.LocallySmall.Displayed.Section.Base
177	Cubical.Categories.Monoidal.Combinators.Equations
176	Cubical.Categories.Instances.Coproduct
174	Cubical.Categories.LocallySmall.Functor.Base
174	Cubical.Categories.Displayed.Instances.Family.Properties
173	Cubical.Categories.Profunctor.Constructions.Extension
173	Cubical.Categories.Instances.Preorders.Monotone.Adjoint
173	Cubical.Categories.Displayed.Presheaf.Constructions.Unit.Properties
170	Cubical.Categories.Instances.BinProduct.More
169	Cubical.Categories.Instances.TransitionSystem
169	Cubical.Categories.DistributiveLaw.ComonadOverMonad.Base
165	Cubical.Categories.Displayed.Limits.CartesianSection
161	Cubical.Categories.Instances.Free.Category.Forded
161	Cubical.Categories.Adjoint.Monad
159	Cubical.Categories.LocallySmall.NaturalTransformation.Small
158	Cubical.Categories.Limits.Cartesian.Base
151	Cubical.Categories.LocallySmall.Displayed.Presheaf.GloballySmall.Uncurried.Representable
148	Cubical.Categories.Displayed.Presheaf.Properties
146	Cubical.Categories.Displayed.Presheaf.Section
145	Cubical.Categories.LocallySmall.Displayed.Instances.Sets.Base
145	Cubical.Categories.Comonad.Instances.Environment
144	Cubical.Categories.Displayed.Presheaf.Constructions.BinProduct.Base
143	Cubical.Categories.LocallySmall.Instances.Functor.IntoFiberCategory.Base
142	Cubical.Categories.Functors.More
132	Cubical.Categories.Displayed.Limits.BinProduct.Fiberwise
131	Cubical.Categories.LocallySmall.Instances.Total.Properties
130	Cubical.Categories.Enriched.Instances.FromCat
129	Cubical.Categories.Instances.Free.CartesianClosedCategory.Base
127	Cubical.Categories.Monad.Algebra
127	Cubical.Categories.Instances.Functors.Redundant.Bifunctor
123	Gluing.CBPV.Pure.Judgmental
123	Cubical.Categories.LocallySmall.Displayed.Instances.Reindex.Properties
117	Cubical.Categories.Profunctor.StrictHom.Base
117	Cubical.Categories.Instances.Sets.More
117	Cubical.Categories.Displayed.FunctorComprehension
116	Cubical.Categories.LocallySmall.Instances.DisplayOverTerminal.Properties
116	Cubical.Categories.Displayed.Limits.CartesianV
110	Cubical.Categories.Instances.FromEnriched
110	Cubical.Categories.Displayed.Instances.Path.Displayed
108	Cubical.Categories.LocallySmall.Displayed.Section.Bisection
107	Cubical.Categories.Displayed.CBPV.Unary.Instances.FromU
106	Cubical.Categories.Displayed.Instances.Arrow.Base
105	Cubical.Categories.Instances.Free.CartesianCategory.Base
105	Cubical.Categories.Displayed.Instances.Graph.Base
99	Cubical.HITs.PathEq
98	Cubical.Categories.LocallySmall.Displayed.Instances.ChangeOfObjects
98	Cubical.Categories.Displayed.Instances.SimpleTotalCategoryR
96	Cubical.Categories.LocallySmall.Functor.Constant
96	Cubical.Categories.Direct.Base
94	Cubical.Categories.Limits.Coend
93	Cubical.Categories.WithFamilies.Simple.Displayed
91	Gluing.CartesianClosedCategory.BoolNatCanonicity.UncurriedElim
91	Gluing.CartesianClosedCategory.BoolNatCanonicity.Forded
91	Cubical.Categories.Enriched.Functors.Base
91	Cubical.Categories.Displayed.Presheaf.Constructions.BinProduct.LocalRepresentability.Base
90	Cubical.Categories.Displayed.Adjoint.More
89	Gluing.CartesianCategory
85	Cubical.Categories.Displayed.More
85	Cubical.Categories.Displayed.Limits.CartesianD
83	Cubical.Categories.Instances.FullImage
82	Gluing.Category.BoolNatCanonicity
82	Gluing.CartesianCategory.BoolNatCanonicity.Forded
79	Gluing.CartesianCategory.BoolNatCanonicity.UncurriedElim
79	Cubical.Data.Sum.More
79	Cubical.Categories.Instances.Preorders.Monotone
79	Cubical.Categories.Displayed.Alt.LevelPoly
74	Cubical.Categories.WithFamilies.Simple.Instances.Democratic
73	Cubical.Data.Sigma.More
73	Cubical.Categories.Isomorphism.More
73	Cubical.Categories.Displayed.Fibration.TwoSided
72	Cubical.Categories.WithFamilies.Simple.Instances.Reindex
72	Cubical.Categories.Instances.Bifunctors
72	Cubical.Categories.Displayed.Instances.Functor.Properties
71	Cubical.Categories.Limits.Pullback.More
71	Cubical.Categories.Equivalence.More
71	Cubical.Categories.Displayed.HLevels.PropValuedPresheaf
70	Cubical.Categories.LocallySmall.NaturalTransformation.Large
69	Cubical.Categories.Profunctor.Homomorphism.Bilinear
69	Cubical.Categories.Displayed.Instances.HomPropertyOver
68	Cubical.Categories.LocallySmall.Functor.IntoFiberCategory
68	Cubical.Categories.Displayed.Instances.Arrow.Properties
67	Gluing.BiCartesianClosedCategory.BinaryLogicalRelation
67	Cubical.Categories.Limits.Terminal.More
67	Cubical.Categories.Displayed.Instances.Free.CBPV.Unary.Full
66	Cubical.Categories.LocallySmall.Instances.BinProduct.Base
66	Cubical.Categories.Instances.Quotient.More
64	Cubical.Categories.NaturalTransformation.Cartesian
64	Cubical.Categories.LocallySmall.Displayed.Instances.StructureOver.Base
64	Cubical.Categories.Instances.WalkingArrow
63	Cubical.Categories.Displayed.Instances.Reindex.CurriedFibration
62	Cubical.Categories.Profunctor.Hom
61	Cubical.Categories.Presheaf.StrictHom.Bifunctor
61	Cubical.Categories.Limits.BiCartesianClosed.Base
60	Cubical.Categories.Limits.CartesianClosed.Base
60	Cubical.Categories.Displayed.Presheaf.CartesianLift.Base
60	Cubical.Categories.Displayed.Instances.FunctorAlgebras
59	Cubical.Data.Equality.More
59	Cubical.Categories.LocallySmall.Instances.Functor.Small
59	Cubical.Categories.LocallySmall.Functor.Properties
59	Cubical.Categories.Displayed.Instances.PropertyOver.Cartesian
58	Cubical.Data.Maybe.More
58	Cubical.Categories.Limits.IndexedProduct.Base
57	Cubical.Categories.Displayed.Presheaf.Uncurried.Eq.Conversion.BiCartesianClosedV
56	Cubical.Categories.WithFamilies.Simple.Instances.VerticalToDisplayed
56	Cubical.Categories.NaturalTransformation.Reind
55	Cubical.Categories.Displayed.Instances.Reindex.Properties
54	Cubical.Categories.Yoneda.More
51	Gluing.Terminal
51	Gluing.Canonicity
50	Cubical.Categories.Instances.TotalCategory.Cartesian
50	Cubical.Categories.Displayed.Instances.IsoFiber.Base
49	Cubical.Categories.Limits.Cartesian.More
48	Cubical.Categories.Instances.Relators
47	Guarded.Later.Base
45	Cubical.Categories.Profunctor.Homomorphism.Unary
45	Cubical.Categories.LocallySmall.Instances.BinProduct.Properties
45	Cubical.Categories.Instances.Presheaf
44	Cubical.Categories.LocallySmall.Category.Small
44	Cubical.Categories.HLevels
43	Cubical.Categories.Displayed.Univalence
43	Cubical.Categories.Displayed.Presheaf.Constructions.Lift.Base
43	Cubical.Categories.Displayed.Instances.EilenbergMoore
42	Cubical.Categories.Displayed.Limits.BinProduct.Adjoint
42	Cubical.Categories.Comonad.ExtensionSystem
41	Cubical.Foundations.Isomorphism.More
41	Cubical.Categories.Enriched.NaturalTransformation.Base
40	Cubical.Categories.Presheaf.Sieve
40	Cubical.Categories.Presheaf.Constructions.IndexedProduct
40	Cubical.Categories.Displayed.Instances.Graph.Properties
39	Cubical.Reflection.RecordEquiv.More
38	Syntax.ULC
38	Cubical.Categories.Instances.Posets.Base
37	Cubical.Categories.LocallySmall.Displayed.Functor.Constant
36	Cubical.Foundations.HLevels.More
36	Cubical.Categories.LocallySmall.Presheaf.GloballySmall.IntoFiberCategory.Constructions.Unit.Base
36	Cubical.Categories.Adjoint.2Var
35	Cubical.Categories.Presheaf.Constructions.Unit
33	Cubical.Categories.FixedPoint
33	Cubical.Categories.Displayed.Instances.SimpleTotalCategoryL
32	Cubical.Categories.Instances.Free.Category.UniversalProperty
32	Cubical.Categories.Displayed.Presheaf.Constructions.Unit.Base
32	Cubical.Categories.Displayed.Limits.ClosedV
32	Cubical.Categories.Displayed.Instances.StructureOver.More
32	Cubical.Categories.Adjoint.UniversalElements
31	Cubical.Categories.LocallySmall.Displayed.Instances.Weaken.Base
31	Cubical.Categories.Displayed.Fibration.IsoFibration
30	Cubical.Categories.Subobject.Base
30	Cubical.Categories.LocallySmall.Instances.DisplayOverTerminal.Base
30	Cubical.Categories.LocallySmall.Displayed.Instances.HomPropertyOver
30	Cubical.Categories.Instances.Strictification
30	Cubical.Categories.Instances.BinProduct.Redundant.Assoc
29	Cubical.Categories.Displayed.Instances.Family.Base
28	Cubical.Categories.Instances.Sets.Cartesian
27	Cubical.Categories.Presheaf.Morphism.Lift
27	Cubical.Categories.Limits.AsRepresentable
27	Cubical.Categories.Instances.Free.BiCartesianClosedCategory.Quiver
27	Cubical.Categories.Displayed.Fibration.Manual
25	Cubical.Categories.WithFamilies.Simple.Functor
25	Cubical.Categories.Instances.Free.Monoidal.Coherence
25	Cubical.Categories.Instances.ChangeOfObjects
25	Cubical.Categories.Displayed.Reasoning.More
24	Cubical.Categories.UniversalConstructions.End
24	Cubical.Categories.Presheaf.More
24	Cubical.Categories.LocallySmall.Instances.ChangeOfObjects
24	Cubical.Categories.Displayed.Instances.CoEilenbergMoore
23	Cubical.Categories.WithFamilies.Simple.Instances.Sets
23	Cubical.Categories.WithFamilies.Base
23	Cubical.Categories.UniversalConstructions.WeightedLimit
23	Cubical.Categories.Limits.BinProduct.Adjoint
23	Cubical.Categories.Instances.TotalCategory.More
23	Cubical.Categories.Displayed.Instances.FunctorCoalgebras
22	Cubical.Categories.Profunctor.General
22	Cubical.Categories.LocallySmall.Displayed.Instances.Weaken.Properties
22	Cubical.Categories.Displayed.Exponentials.CartesianClosed
21	Cubical.Categories.LocallySmall.Instances.Unit
21	Cubical.Categories.Instances.Preorders.Base
21	Cubical.Categories.Instances.Endo
21	Cubical.Categories.Displayed.Instances.IsoFiber.Monoidal
21	Cubical.Categories.Displayed.HLevels.More
21	Cubical.Categories.Displayed.CBPV.Unary.Instances.Displayed.FromU
19	Cubical.Categories.Instances.Free.CartesianClosedCategory.Quiver
19	Cubical.Categories.Instances.Free.CartesianCategory.ProductQuiver
18	Cubical.Categories.WithFamilies.Simple.TypeStructure.Functions
18	Cubical.Categories.Monad.Strength.Cartesian.ExtensionSystem
18	Cubical.Categories.Displayed.Instances.Terminal.More
17	Cubical.Categories.LocallySmall.Variables.Category
17	Cubical.Categories.Instances.Thin
17	Cubical.Categories.Instances.Props
16	Cubical.Categories.CBPV.Base
15	Cubical.Categories.LocallySmall.Instances.Level
15	Cubical.Categories.Functors.Constant.More
15	Cubical.Categories.Exponentials.Large
15	Cubical.Categories.Displayed.Instances.Opposite
14	Cubical.Categories.WithFamilies.Simple.Base
13	Cubical.Categories.Instances.Indiscrete
11	Guarded.Later.Properties
11	Cubical.Induction.WellFounded.More
11	Cubical.Categories.LocallySmall.Variables.Base
11	Cubical.Categories.LocallySmall.Instances.Indiscrete
10	Cubical.Categories.Presheaf.Constructions.Lift
10	Cubical.Categories.LocallySmall.Displayed.Category
