482819	Total
58913	Cubical.Categories.Instances.Presented
25264	Cubical.Categories.Displayed.Presheaf.Uncurried.UniversalProperties
17188	Cubical.Categories.Displayed.FixedPoint
15980	Cubical.Categories.Displayed.Instances.Reindex.UniversalQuantifier
15366	Cubical.Categories.LocallySmall.Displayed.NaturalTransformation.IntoFiberCategory.Base
15268	Cubical.Categories.Displayed.CBPV.Unary.Instances.StateAlg.Vertical
11114	Cubical.Categories.LocallySmall.Displayed.Presheaf.GloballySmall.IntoFiberCategory.Properties
11000	Cubical.Categories.Displayed.Presheaf.Uncurried.Constructions
9883	Cubical.Categories.LocallySmall.Displayed.NaturalTransformation.IntoFiberCategory.Eq
9049	Cubical.Categories.Displayed.Presheaf.Morphism
9040	Cubical.Categories.Displayed.CBPV.Unary.Instances.Free.BoolState.Additive
8740	Cubical.Categories.LocallySmall.Displayed.Presheaf.GloballySmall.IntoFiberCategory.Base
8240	Cubical.Categories.LocallySmall.Displayed.Instances.Sets.Base
7602	Cubical.Categories.Displayed.CBPV.Unary.Instances.Free.Pure.Additive
6961	Cubical.Categories.Displayed.Instances.Reindex.CartesianClosed
6503	Cubical.Categories.Displayed.Presheaf.Constructions.BinProduct.LocalRepresentability.Properties
6028	Cubical.Categories.Displayed.Presheaf.Representable
5558	Cubical.Categories.Displayed.Presheaf.Constructions.Reindex.Properties
5355	Miscellaneous
5281	Cubical.Categories.Limits.Pullback.Alt
4814	Cubical.Categories.Displayed.Presheaf.Uncurried.Base
4554	Cubical.Categories.Displayed.Instances.Reindex.Cartesian
4276	Cubical.Categories.Displayed.Instances.Family.EqProperties
4205	Cubical.Categories.Displayed.NaturalTransformation.More
3907	Cubical.Categories.Displayed.Instances.Presheaf.Eq.CartesianClosed
3789	Cubical.Categories.Displayed.Instances.Arrow.Limits
3719	Cubical.Categories.Displayed.Instances.PropertyOver.Cartesian
3633	Cubical.Categories.DistributiveLaw.ComonadOverMonad.BiKleisli.Morphism
3597	Cubical.Categories.Displayed.Instances.Presheaf.Eq.Base
3551	Cubical.Categories.Instances.Free.CartesianClosedCategory.Forded
3113	Cubical.Categories.Displayed.Presheaf.Uncurried.Eq.Conversion.CartesianClosedV
2882	Cubical.Categories.Displayed.CBPV.Unary.Instances.StateAlg.Additive
2766	Cubical.Categories.Displayed.Presheaf.Constructions.Quantifiers.Base
2649	Cubical.Categories.Displayed.Instances.Functor.Base
2630	Cubical.Categories.Displayed.Presheaf.Uncurried.Eq.Base
2588	Cubical.Categories.LocallySmall.Displayed.Bifunctor.Base
2472	Cubical.Categories.Displayed.Bifunctor
2422	Cubical.Categories.Displayed.Presheaf.Uncurried.Representable
2410	Cubical.Categories.Instances.Free.CartesianCategory.Forded
2358	Cubical.Categories.Displayed.Instances.Reindex.Fibration
2347	Cubical.Categories.Displayed.Profunctor
2204	Cubical.Categories.LocallySmall.Displayed.Instances.BinProduct.Base
2153	Cubical.Categories.Displayed.CBPV.Unary.Instances.Free.BoolState.Multiplicative
2091	Gluing.BiCartesianClosedCategory.BoolNatCanonicity.Forded
2073	Cubical.Categories.Displayed.Presheaf.Constructions.Exponential.Base
2011	Cubical.Categories.Displayed.Instances.Reindex.Monoidal
1985	Cubical.Categories.Presheaf.Family.Base
1971	Cubical.Categories.Displayed.Instances.Reindex.Exponential
1928	Cubical.Categories.LocallySmall.Displayed.Category.SmallDisplayedFibers
1912	Cubical.Categories.Instances.Hyperdoctrine.Unary
1896	Cubical.Categories.DistributiveLaw.ComonadOverMonad.BiKleisli.Base
1892	Cubical.Categories.Instances.Functors.More
1830	Cubical.Categories.Displayed.Presheaf.Constructions.Exponential.UniversalProperty
1811	Cubical.Categories.Monad.Kleisli
1771	Cubical.Categories.Displayed.Instances.TotalCategory.Monoidal
1763	Cubical.Categories.LocallySmall.Displayed.Instances.Reindex.Base
1714	Cubical.Categories.Monad.ExtensionSystem
1688	Cubical.Categories.Displayed.Instances.Reindex.Limits
1633	Cubical.Categories.Instances.Free.BiCartesianClosedCategory.Forded
1579	Cubical.Categories.Displayed.Presheaf.Uncurried.Constructions.ExponentialD
1569	Cubical.Categories.Displayed.CBPV.Unary.Base
1567	Cubical.Categories.Displayed.Instances.Presheaf.General
1541	Cubical.Categories.WithFamilies.Simple.Instances.Free.Base
1528	Cubical.Categories.Monoidal.Properties
1525	Cubical.Categories.Displayed.Presheaf.Constructions.Exponential.Properties
1515	Cubical.Categories.Displayed.Presheaf.Constructions.Curry
1469	Cubical.Categories.Displayed.Presheaf.Constructions.BinProduct.Properties
1430	Cubical.Categories.Displayed.CBPV.Unary.Additive
1395	Cubical.Categories.Displayed.Functor.More
1347	Cubical.Categories.Displayed.Limits.CartesianClosedV
1339	Cubical.Categories.Displayed.CBPV.Unary.Instances.Free.Pure.Multiplicative
1321	Cubical.Categories.Displayed.Presheaf.Uncurried.Fibration
1308	Cubical.Categories.Instances.Free.Lambda.Negative
1292	Cubical.Categories.Instances.Free.Lambda.ArrowOnly
1273	Cubical.Algebra.State
1220	Cubical.Categories.Presheaf.Morphism.Alt
1217	Cubical.Categories.Displayed.Alt.Fibrous
1184	Gluing.BiCartesianClosedCategory.IdentityExtension
1178	Cubical.Categories.Instances.BinProduct.Monoidal
1141	Cubical.Categories.Instances.Free.Monoidal.List
1126	Gluing.Lambda.BoolNatCanonicity.ArrowOnly
1121	Cubical.Categories.Instances.Fiber
1119	Cubical.Categories.Displayed.Instances.Reindex.Eq.Properties
1118	Cubical.Categories.Bifunctor
1075	Gluing.Lambda.BoolNatCanonicity.Negative
1058	Cubical.Categories.Displayed.CBPV.Unary.StateAlgEnrichment
1055	Cubical.Categories.Displayed.CBPV.Unary.Instances.StateAlg.Base
1040	Cubical.Categories.Displayed.Instances.BinProduct.More
993	Cubical.Categories.LocallySmall.Displayed.Functor.Properties
988	Cubical.Categories.Instances.Free.Monoidal.Base
986	Cubical.Categories.LocallySmall.Displayed.Instances.Functor.IntoFiberCategory
966	Cubical.Categories.Displayed.Presheaf.Uncurried.Constructions.Exponential
921	Cubical.Categories.Displayed.Fibration.Base
891	Cubical.Categories.Exponentials.Small
881	Cubical.Categories.Displayed.CBPV.Unary.Instances.Displayed.FromProf
858	Cubical.Categories.Displayed.Presheaf.Base
855	Cubical.Categories.Displayed.Limits.BinProduct.Base
849	Cubical.Categories.LocallySmall.Displayed.Functor.Base
798	Cubical.Categories.Displayed.Limits.BiCartesianClosedV
795	Cubical.Categories.LocallySmall.Displayed.Presheaf.GloballySmall.Uncurried.Base
784	Cubical.Categories.LocallySmall.Presheaf.GloballySmall.IntoFiberCategory.Base
777	Cubical.Categories.Profunctor.StrictHom.Constructions.Extension
766	Cubical.Categories.LocallySmall.Displayed.Category.Base
735	Cubical.Categories.Displayed.Presheaf.CartesianLift.Properties
723	Cubical.Foundations.More
718	Cubical.Categories.Comonad.Base
692	Cubical.Categories.Displayed.Presheaf.Uncurried.Constructions.UniversalQuantifier
666	Cubical.Categories.Instances.Free.CartesianClosedCategory.UncurriedElim
655	Cubical.Categories.Instances.BinProduct.Redundant.Assoc.ToLeft
644	Cubical.Categories.Displayed.Instances.Weaken.UncurriedProperties
627	Cubical.Categories.Displayed.Presheaf.CartesianLift.Manual
625	Cubical.Categories.Exponentials.RightAdjoint
624	Cubical.Categories.Displayed.Instances.Reindex.UniversalProperties
623	Cubical.Categories.Displayed.Presheaf.Constructions.Reindex.Base
616	Cubical.Categories.LocallySmall.Displayed.Instances.Total
586	Cubical.Categories.NaturalTransformation.More
581	Cubical.Categories.Instances.BinProduct.Redundant.Assoc.ToRight
580	Cubical.Categories.Displayed.CBPV.Unary.Instances.Sets
578	Cubical.Categories.Presheaf.StrictHom.Base
575	Cubical.Categories.Displayed.Magmoid
570	Cubical.Categories.Presheaf.Representable.More
563	Cubical.Categories.Presheaf.Constructions.Comprehension
558	Cubical.Categories.Displayed.Instances.Reindex.Eq.Base
544	Cubical.Categories.Profunctor.Relator
541	Cubical.Categories.Displayed.Monoidal.Base
530	Cubical.Categories.Limits.BinProduct.More
525	Cubical.Categories.Instances.BinProduct.Cartesian
523	Cubical.Categories.Presheaf.Constructions.Reindex
521	Cubical.Categories.Presheaf.Constructions.BinProduct.Base
519	Cubical.Categories.Direct.StrictDownset
518	Cubical.Categories.Displayed.Instances.EilenbergMoore.Comparison
516	Cubical.Categories.Displayed.Presheaf.Uncurried.Eq.Conversion.Base
504	Cubical.Categories.Displayed.Quantifiers.Base
494	Cubical.Categories.FunctorComprehension.Base
492	Cubical.Categories.Presheaf.StrictHom.CartesianClosed
492	Cubical.Categories.LocallySmall.Presheaf.GloballySmall.IntoFiberCategory.Constructions.BinProduct.Base
482	Gluing.CartesianClosedCategory.Conservativity.OverCartesianCategories.Forded
479	Gluing.Category.GuardedFixedPoint
474	Cubical.Categories.Instances.Free.CartesianCategory.CurriedElim
465	Cubical.Categories.Displayed.Instances.CoEilenbergMoore.Comparison
443	Cubical.Categories.Displayed.Instances.Presheaf.Limits
440	Cubical.Categories.LocallySmall.Displayed.Instances.Graph.Presheaf.GloballySmall.Base
434	Cubical.Categories.Monoidal.Instances.Presheaf
428	Gluing.CBPV.StateAlg.Multiplicative
424	Cubical.Categories.Displayed.Instances.Comma
422	Cubical.Categories.Displayed.Limits.BinProduct.Properties
413	Cubical.Tactics.AltFunctorSolver.Solver
408	Gluing.CBPV.StateAlg.Additive
407	Cubical.Categories.Instances.Sets.Properties
399	Cubical.Categories.Presheaf.Constructions.BinProduct.LocalRepresentability
397	Cubical.Categories.LocallySmall.NaturalTransformation.IntoFiberCategory
397	Cubical.Categories.Displayed.Instances.Graph.Presheaf
393	Gluing.CBPV.Pure.Additive
390	Cubical.Categories.LocallySmall.Displayed.Presheaf.GloballySmall.Uncurried.Representable
382	Cubical.Categories.Displayed.Limits.Terminal
381	Cubical.Categories.Direct.LocallyContractive
379	Cubical.Categories.Enriched.Instances.Presheaf.ChangeBase
374	Cubical.Categories.Displayed.Presheaf.Uncurried.Eq.Sets
371	Gluing.CBPV.Pure.Multiplicative
371	Cubical.Categories.Displayed.Limits.BinProduct.Fiberwise
368	Cubical.Categories.Instances.Free.Category.QuiverPath
366	Cubical.Categories.Instances.Free.CartesianCategory.UncurriedElim
358	Gluing.Category
357	Cubical.Categories.Monoidal.Functor
353	Cubical.Categories.Displayed.Presheaf.Constructions.ReindexFunctor.Base
349	Gluing.BiCartesianClosedCategory.StackParametricity
348	Cubical.Categories.Displayed.Exponentials.RightAdjoint
347	Cubical.Categories.CBPV.Instances.Free
344	Cubical.Categories.Presheaf.Constructions.Tensor
342	Gluing.Category.Forded
342	Cubical.Categories.Instances.Free.CategoryWithTerminal
336	Cubical.Categories.Monoidal.Dual
330	Cubical.Categories.LocallySmall.Displayed.Category.Notation
324	Gluing.CartesianClosedCategory.Conservativity.OverCategories.Forded
323	Cubical.Categories.LocallySmall.Bifunctor.Base
321	Cubical.Categories.LocallySmall.Displayed.Category.Properties
320	Cubical.Foundations.Equiv.Dependent.More
315	Cubical.Categories.Displayed.Instances.FunctorAlgebras.Recursive
314	Cubical.Categories.Displayed.Instances.Arrow.Monoidal
311	Cubical.Categories.Presheaf.Constructions.Exponential
302	Cubical.Categories.WithFamilies.Simple.Properties
294	Gluing.CartesianCategory.Conservativity.OverCategories.Forded
294	Cubical.Categories.LocallySmall.Instances.Functor.IntoFiberCategory.Properties
291	Cubical.Categories.Displayed.Exponentials.Small
289	Cubical.Categories.Instances.BinProduct.Redundant.Base
286	Cubical.CoData.Delay
280	Cubical.Categories.LocallySmall.Displayed.Category.Small
277	Cubical.Categories.Displayed.Presheaf.Uncurried.Eq.Conversion.CartesianV
269	Cubical.Relation.Binary.Preorder
269	Cubical.Categories.Instances.Free.Category.GuardedFixedPoint
265	Cubical.Categories.Displayed.Instances.Weaken.Properties
263	Cubical.Categories.Presheaf.Constructions.RightAdjoint
262	Cubical.Categories.Displayed.Instances.Presheaf.Eq.Cartesian
260	Cubical.Categories.Profunctor.Homomorphism.NaturalElement
258	Cubical.Categories.LocallySmall.Displayed.Instances.Reindex.Properties
253	Cubical.Categories.Instances.Fiber.Strict
250	Cubical.Categories.Displayed.CBPV.Unary.Instances.Free.Pure.Base
248	Cubical.Categories.Displayed.Instances.Sets.Base
236	Cubical.Categories.Direct.Product
235	Cubical.Categories.Displayed.Presheaf.Constructions.Lift.Properties
235	Cubical.Categories.Displayed.Limits.BiCartesianClosedSection
235	Cubical.Categories.Displayed.Instances.Presheaf.Uncurried.Base
234	Guarded.Gluing.Canonicity
231	Cubical.Categories.Displayed.Instances.Weaken.Monoidal
230	Cubical.Categories.Displayed.Instances.Presheaf.Base
229	Cubical.Categories.Enriched.Instances.Presheaf.Self
228	Cubical.Categories.Displayed.Instances.Sets.Properties
226	Cubical.Categories.Displayed.Instances.Presheaf.Properties
220	Cubical.Categories.Instances.Free.Functor.AltPresented
217	Cubical.Categories.Presheaf.Nerve
208	Cubical.Categories.Presheaf.CCC
204	Cubical.Categories.Presheaf.StrictHom.RightAdjoint
201	Cubical.Categories.Displayed.Presheaf.Uncurried.Fibration.Displayed
200	Cubical.Categories.LocallySmall.Category.Base
199	Cubical.Categories.Direct.StrictUpset
198	Cubical.Categories.Displayed.FunctorComprehension
196	Cubical.Categories.LocallySmall.Displayed.HLevels
195	Gluing.BiCartesianClosedCategory.FlipperParametricity
195	Cubical.Categories.Instances.Coproduct
190	Cubical.Categories.Direct.Predecessor
189	Cubical.Categories.Monoidal.Combinators.Base
187	Cubical.Categories.LocallySmall.Displayed.Section.Base
186	Cubical.Categories.Instances.Free.Category.Forded
185	Cubical.Categories.Displayed.CBPV.Unary.Instances.FromProf
180	Cubical.Categories.Instances.Functors.Redundant
178	Cubical.Categories.Displayed.Presheaf.Constructions.Unit.Properties
176	Cubical.Categories.LocallySmall.Functor.Base
172	Cubical.Categories.Monoidal.Combinators.Equations
171	Cubical.Categories.Displayed.Limits.CartesianClosedSection
170	Cubical.Categories.Instances.TransitionSystem
167	Cubical.Categories.Adjoint.Monad
165	Cubical.Categories.DistributiveLaw.ComonadOverMonad.Base
163	Cubical.Categories.Instances.Preorders.Monotone.Adjoint
160	Cubical.Categories.Profunctor.Constructions.Extension
160	Cubical.Categories.Instances.BinProduct.More
160	Cubical.Categories.Displayed.Instances.Family.Properties
157	Cubical.Categories.LocallySmall.Instances.Functor.IntoFiberCategory.Base
156	Cubical.Categories.LocallySmall.NaturalTransformation.Small
155	Cubical.Categories.Displayed.Presheaf.Properties
149	Cubical.Categories.Displayed.Presheaf.Section
148	Cubical.Categories.Displayed.Limits.CartesianSection
146	Cubical.Categories.Limits.Cartesian.Base
145	Cubical.Categories.Displayed.Presheaf.Constructions.BinProduct.Base
141	Cubical.Categories.Enriched.Instances.FromCat
139	Cubical.Categories.Comonad.Instances.Environment
137	Cubical.Categories.Instances.Free.CartesianClosedCategory.Base
131	Cubical.Categories.LocallySmall.Instances.Total.Properties
131	Cubical.Categories.Instances.Quotient.More
130	Cubical.Categories.Functors.More
128	Cubical.Categories.Displayed.More
127	Gluing.CBPV.Pure.Judgmental
127	Cubical.Categories.LocallySmall.Instances.DisplayOverTerminal.Properties
126	Cubical.Categories.Instances.Sets.More
125	Cubical.Categories.Monad.Algebra
123	Cubical.Categories.Displayed.Limits.CartesianV
122	Cubical.Categories.Profunctor.StrictHom.Base
117	Cubical.Categories.Instances.Functors.Redundant.Bifunctor
117	Cubical.Categories.Displayed.CBPV.Unary.Instances.FromU
116	Cubical.Categories.LocallySmall.Displayed.Section.Bisection
115	Cubical.Categories.Displayed.Presheaf.Constructions.Quantifiers.UniversalProperty.ComposeWeakening
112	Cubical.Categories.Instances.Free.CartesianCategory.Base
112	Cubical.Categories.Displayed.Instances.Path.Displayed
109	Cubical.Categories.Instances.FromEnriched
109	Cubical.Categories.Displayed.Presheaf.Constructions.Quantifiers.UniversalProperty.Quantifiers
107	Cubical.HITs.PathEq
106	Cubical.Categories.Limits.Coend
106	Cubical.Categories.Displayed.Instances.Arrow.Base
105	Cubical.Categories.LocallySmall.Displayed.Instances.ChangeOfObjects
99	Cubical.Categories.LocallySmall.Functor.Constant
99	Cubical.Categories.Displayed.Instances.SimpleTotalCategoryR
99	Cubical.Categories.Displayed.Instances.Graph.Base
94	Gluing.CartesianClosedCategory.BoolNatCanonicity.UncurriedElim
94	Gluing.CartesianClosedCategory.BoolNatCanonicity.Forded
93	Cubical.Categories.Displayed.Presheaf.Constructions.BinProduct.LocalRepresentability.Base
91	Gluing.CartesianCategory
91	Cubical.Categories.Enriched.Functors.Base
88	Cubical.Categories.WithFamilies.Simple.Displayed
88	Cubical.Categories.Instances.FullImage
88	Cubical.Categories.Direct.Base
85	Cubical.Categories.Displayed.Limits.CartesianD
85	Cubical.Categories.Displayed.Adjoint.More
83	Gluing.CartesianCategory.BoolNatCanonicity.Forded
82	Gluing.Category.BoolNatCanonicity
82	Cubical.Data.Sum.More
80	Cubical.Data.Sigma.More
79	Gluing.CartesianCategory.BoolNatCanonicity.UncurriedElim
78	Cubical.Categories.Displayed.Instances.Functor.Properties
76	Cubical.Categories.LocallySmall.Functor.IntoFiberCategory
76	Cubical.Categories.Instances.Preorders.Monotone
76	Cubical.Categories.Equivalence.More
76	Cubical.Categories.Displayed.Alt.LevelPoly
73	Cubical.Categories.WithFamilies.Simple.Instances.Reindex
71	Cubical.Categories.LocallySmall.NaturalTransformation.Large
70	Cubical.Categories.Limits.Pullback.More
70	Cubical.Categories.Displayed.Instances.Arrow.Properties
69	Cubical.Categories.WithFamilies.Simple.Instances.Democratic
69	Cubical.Categories.Isomorphism.More
68	Gluing.BiCartesianClosedCategory.BinaryLogicalRelation
68	Cubical.Categories.Limits.BiCartesianClosed.Base
68	Cubical.Categories.Displayed.Instances.HomPropertyOver
68	Cubical.Categories.Displayed.HLevels.PropValuedPresheaf
68	Cubical.Categories.Displayed.Fibration.TwoSided
67	Cubical.Categories.Limits.Terminal.More
66	Cubical.Categories.LocallySmall.Displayed.Instances.StructureOver.Base
66	Cubical.Categories.Displayed.Instances.Free.CBPV.Unary.Full
65	Cubical.Categories.Profunctor.Homomorphism.Bilinear
65	Cubical.Categories.LocallySmall.Instances.BinProduct.Base
65	Cubical.Categories.Instances.Bifunctors
65	Cubical.Categories.Displayed.Instances.Reindex.CurriedFibration
63	Cubical.Categories.Presheaf.StrictHom.Bifunctor
62	Cubical.Categories.NaturalTransformation.Reind
62	Cubical.Categories.Displayed.Instances.FunctorAlgebras
60	Cubical.Data.Maybe.More
60	Cubical.Categories.Profunctor.Hom
60	Cubical.Categories.Displayed.Instances.Reindex.Properties
59	Cubical.Categories.NaturalTransformation.Cartesian
59	Cubical.Categories.LocallySmall.Instances.Functor.Small
59	Cubical.Categories.LocallySmall.Functor.Properties
59	Cubical.Categories.Limits.IndexedProduct.Base
58	Cubical.Data.Equality.More
58	Cubical.Categories.Displayed.Presheaf.CartesianLift.Base
56	Cubical.Categories.WithFamilies.Simple.Instances.VerticalToDisplayed
55	Cubical.Categories.Displayed.Presheaf.Uncurried.Eq.Conversion.BiCartesianClosedV
53	Cubical.Categories.Comonad.ExtensionSystem
51	Gluing.Terminal
51	Gluing.Canonicity
51	Cubical.Categories.Yoneda.More
50	Cubical.Categories.Limits.Cartesian.More
50	Cubical.Categories.Instances.TotalCategory.Cartesian
49	Cubical.Categories.Displayed.Instances.IsoFiber.Base
48	Cubical.Categories.Limits.CartesianClosed.Base
46	Cubical.Categories.Instances.Relators
46	Cubical.Categories.Instances.Presheaf
45	Cubical.Foundations.Isomorphism.More
45	Cubical.Categories.LocallySmall.Instances.BinProduct.Properties
45	Cubical.Categories.LocallySmall.Category.Small
45	Cubical.Categories.Displayed.Presheaf.Constructions.Quantifiers.Properties
44	Guarded.Later.Base
44	Cubical.Reflection.RecordEquiv.More
43	Cubical.Categories.Profunctor.Homomorphism.Unary
43	Cubical.Categories.Presheaf.Constructions.IndexedProduct
43	Cubical.Categories.Displayed.Univalence
41	Cubical.Categories.HLevels
41	Cubical.Categories.Displayed.Instances.EilenbergMoore
40	Cubical.Foundations.HLevels.More
40	Cubical.Categories.Presheaf.Sieve
40	Cubical.Categories.Instances.WalkingArrow
39	Cubical.Categories.Enriched.NaturalTransformation.Base
39	Cubical.Categories.Displayed.Presheaf.Constructions.Lift.Base
39	Cubical.Categories.Displayed.Limits.BinProduct.Adjoint
38	Cubical.Categories.LocallySmall.Presheaf.GloballySmall.IntoFiberCategory.Constructions.Unit.Base
38	Cubical.Categories.LocallySmall.Displayed.Functor.Constant
38	Cubical.Categories.Instances.Free.Category.UniversalProperty
38	Cubical.Categories.Displayed.Instances.Graph.Properties
36	Syntax.ULC
36	Cubical.Categories.Instances.Posets.Base
35	Cubical.Categories.FixedPoint
35	Cubical.Categories.Displayed.Limits.ClosedV
34	Cubical.Categories.Presheaf.Constructions.Unit
34	Cubical.Categories.Displayed.Fibration.IsoFibration
34	Cubical.Categories.Adjoint.2Var
33	Cubical.Categories.Displayed.Instances.SimpleTotalCategoryL
32	Cubical.Categories.LocallySmall.Displayed.Instances.Weaken.Base
32	Cubical.Categories.Instances.Strictification
31	Cubical.Categories.Subobject.Base
31	Cubical.Categories.Displayed.Instances.StructureOver.More
31	Cubical.Categories.Adjoint.UniversalElements
30	Cubical.Categories.LocallySmall.Displayed.Instances.HomPropertyOver
29	Cubical.Categories.Presheaf.Morphism.Lift
29	Cubical.Categories.Instances.Free.BiCartesianClosedCategory.Quiver
29	Cubical.Categories.Displayed.Presheaf.Constructions.Unit.Base
28	Cubical.Categories.Profunctor.General
28	Cubical.Categories.LocallySmall.Instances.DisplayOverTerminal.Base
28	Cubical.Categories.Displayed.Exponentials.CartesianClosed
27	Cubical.Categories.Presheaf.More
27	Cubical.Categories.Limits.AsRepresentable
27	Cubical.Categories.Instances.Sets.Cartesian
27	Cubical.Categories.Instances.BinProduct.Redundant.Assoc
26	Cubical.Categories.Instances.Free.Monoidal.Coherence
26	Cubical.Categories.Displayed.Instances.Family.Base
26	Cubical.Categories.Displayed.Fibration.Manual
25	Cubical.Categories.UniversalConstructions.End
24	Cubical.Categories.WithFamilies.Simple.Functor
24	Cubical.Categories.Instances.ChangeOfObjects
24	Cubical.Categories.Displayed.Instances.CoEilenbergMoore
23	Cubical.Categories.LocallySmall.Instances.ChangeOfObjects
23	Cubical.Categories.Limits.BinProduct.Adjoint
23	Cubical.Categories.Instances.TotalCategory.More
23	Cubical.Categories.Instances.Preorders.Base
23	Cubical.Categories.Instances.Endo
23	Cubical.Categories.Displayed.Instances.FunctorCoalgebras
22	Cubical.Categories.WithFamilies.Simple.Instances.Sets
22	Cubical.Categories.WithFamilies.Base
22	Cubical.Categories.LocallySmall.Displayed.Instances.Weaken.Properties
22	Cubical.Categories.Displayed.Instances.IsoFiber.Monoidal
21	Cubical.Categories.UniversalConstructions.WeightedLimit
21	Cubical.Categories.Displayed.HLevels.More
20	Cubical.Categories.Displayed.CBPV.Unary.Instances.Displayed.FromU
19	Cubical.Categories.Instances.Free.CartesianClosedCategory.Quiver
19	Cubical.Categories.Instances.Free.CartesianCategory.ProductQuiver
18	Cubical.Categories.WithFamilies.Simple.TypeStructure.Functions
18	Cubical.Categories.LocallySmall.Instances.Unit
17	Cubical.Categories.Monad.Strength.Cartesian.ExtensionSystem
17	Cubical.Categories.Exponentials.Large
17	Cubical.Categories.Displayed.Instances.Terminal.More
17	Cubical.Categories.CBPV.Base
16	Cubical.Categories.LocallySmall.Variables.Category
16	Cubical.Categories.LocallySmall.Instances.Level
16	Cubical.Categories.Instances.Props
15	Cubical.Categories.Instances.Thin
15	Cubical.Categories.Functors.Constant.More
15	Cubical.Categories.Displayed.Instances.Opposite
14	Cubical.Categories.WithFamilies.Simple.Base
11	Guarded.Later.Properties
11	Cubical.Categories.LocallySmall.Variables.Base
11	Cubical.Categories.Instances.Indiscrete
10	Cubical.Induction.WellFounded.More
10	Cubical.Categories.LocallySmall.Instances.Indiscrete
10	Cubical.Categories.LocallySmall.Displayed.Category
